{"productId":9,"categoryId":1,"productName":"HP Chromebook 14 G1(ENERGY STAR)","price":299.99,"description":"This HP notebook is all about getting the perfect combination of design, reliability, and features. Style and productivity while keeping your wallet in mind - now that's something to get excited about.","imageUrl":"1249","attributes":[{"attributeName":"MEMORY","attributeValue":"16GB DDR3 - 2 DIMM"},{"attributeName":"DISPLAY RESOLUTION","attributeValue":"1366x768"},{"attributeName":"TOUCHSCREEN","attributeValue":"No"},{"attributeName":"WEIGHT","attributeValue":"2.3 lb"},{"attributeName":"DISPLAY","attributeValue":"14-diagonal HD WLED Brightview flat SVA (1366 x 768)"},{"attributeName":"PROCESSOR","attributeValue":"Intel® Celeron® processor"},{"attributeName":"DISPLAY SIZE","attributeValue":"14"},{"attributeName":"CUSTOMIZATION","attributeValue":"Simplicity"},{"attributeName":"OPERATING SYSTEM","attributeValue":"Chrome OS"}],"colors":[{"code":"414141","name":"BLACK","inStock":10},{"code":"C3C3C3","name":"GRAY","inStock":10},{"code":"FFFFFF","name":"WHITE","inStock":10}],"images":["ABCDEF##1249"],"productStatus":"Active"}