{
  "FilterHeaders": [
    {
      "Header": "x-requested-with",
      "IncludeInScript": true
    },
    {
      "Header": "user-agent",
      "IncludeInScript": false
    },
    {
      "Header": "upgrade-insecure-requests",
      "IncludeInScript": true
    },
    {
      "Header": "soapaction",
      "IncludeInScript": true
    },
    {
      "Header": "sec-fetch-user",
      "IncludeInScript": true
    },
    {
      "Header": "sec-fetch-site",
      "IncludeInScript": true
    },
    {
      "Header": "sec-fetch-mode",
      "IncludeInScript": true
    },
    {
      "Header": "sec-fetch-dest",
      "IncludeInScript": true
    },
    {
      "Header": "sec-ch-ua-platform",
      "IncludeInScript": true
    },
    {
      "Header": "sec-ch-ua-mobile",
      "IncludeInScript": true
    },
    {
      "Header": "sec-ch-ua",
      "IncludeInScript": true
    },
    {
      "Header": "origin",
      "IncludeInScript": true
    },
    {
      "Header": "authorization",
      "IncludeInScript": true
    },
    {
      "Header": "access-control-request-method",
      "IncludeInScript": true
    },
    {
      "Header": "access-control-request-headers",
      "IncludeInScript": true
    },
    {
      "Header": "accept-language",
      "IncludeInScript": false
    },
    {
      "Header": "accept-encoding",
      "IncludeInScript": false
    },
    {
      "Header": "accept",
      "IncludeInScript": false
    }
  ],
  "FilterResources": [
    {
      "IsNonResource": true,
      "type": "text/xml"
    },
    {
      "IsNonResource": false,
      "type": "text/plain"
    },
    {
      "IsNonResource": true,
      "type": "text/html"
    },
    {
      "IsNonResource": false,
      "type": "text/css"
    },
    {
      "IsNonResource": false,
      "type": "image/x-icon"
    },
    {
      "IsNonResource": false,
      "type": "image/svg+xml"
    },
    {
      "IsNonResource": false,
      "type": "image/png"
    },
    {
      "IsNonResource": false,
      "type": "image/jpeg"
    },
    {
      "IsNonResource": false,
      "type": "font/woff"
    },
    {
      "IsNonResource": true,
      "type": "application/json"
    },
    {
      "IsNonResource": false,
      "type": "application/javascript"
    }
  ],
  "GeneralInfo": {
    "BrowserVersion": "",
    "IsWinInetMode": false,
    "MaxUsedConnections": 8,
    "RecordedBrowser": "c:\\program files (x86)\\microsoft\\edge\\application\\msedge.exe",
    "RecordingDate": "РёСЋРЅ-14-2023",
    "RecordingDuration": 188109,
    "RecordingMode": "N/A",
    "RecordingTimeStamp": 1686755369,
    "RecordingType": "Application",
    "TotalBytesReceived": 2587424,
    "TotalBytesSent": 57031,
    "TotalRequests": 71,
    "UserAgent": "Crashpad/0.8.0 WinHTTP/10.0.22621.1635 Windows_NT/10.0.22621.1635 (x64)"
  },
  "HostInfo": [
    {
      "DomainName": "nelreports.net",
      "Domains": [
        {
          "HTTPVersion": "HTTP/1.1",
          "IP": "2.16.103.90",
          "IncludeInScript": true,
          "Name": "bzib.nelreports.net",
          "Port": 443,
          "Requests": [
            {
              "CompressionType": "gzip",
              "DataType": "text/plain",
              "DownloadTime": 313,
              "EventId": 600,
              "HttpStatus": 200,
              "Size": 137,
              "URL": "https://bzib.nelreports.net/api/report?cat=bingbusiness"
            },
            {
              "CompressionType": "",
              "DataType": "",
              "DownloadTime": 281,
              "EventId": 598,
              "HttpStatus": 200,
              "Size": 0,
              "URL": "https://bzib.nelreports.net/api/report?cat=bingbusiness"
            },
            {
              "CompressionType": "gzip",
              "DataType": "text/plain",
              "DownloadTime": 297,
              "EventId": 490,
              "HttpStatus": 200,
              "Size": 137,
              "URL": "https://bzib.nelreports.net/api/report?cat=bingbusiness"
            },
            {
              "CompressionType": "",
              "DataType": "",
              "DownloadTime": 406,
              "EventId": 488,
              "HttpStatus": 200,
              "Size": 0,
              "URL": "https://bzib.nelreports.net/api/report?cat=bingbusiness"
            }
          ],
          "SSLCipher": "",
          "SSLVersion": ""
        }
      ],
      "IncludeInScript": true
    },
    {
      "DomainName": "microsoft.com",
      "Domains": [
        {
          "HTTPVersion": "HTTP/1.1",
          "IP": "20.189.173.22",
          "IncludeInScript": false,
          "Name": "nw-umwatson.events.data.microsoft.com",
          "Port": 443,
          "Requests": [
            {
              "CompressionType": "",
              "DataType": "text/xml",
              "DownloadTime": 188,
              "EventId": 13,
              "HttpStatus": 200,
              "Size": 634,
              "URL": "https://nw-umwatson.events.data.microsoft.com/Telemetry.Request"
            }
          ],
          "SSLCipher": "ECDHE-RSA-AES256-GCM-SHA384",
          "SSLVersion": "TLS1.2"
        },
        {
          "HTTPVersion": "HTTP/1.1",
          "IP": "13.107.22.239",
          "IncludeInScript": false,
          "Name": "edge.microsoft.com",
          "Port": 443,
          "Requests": [
            {
              "CompressionType": "",
              "DataType": "application/json",
              "DownloadTime": 78,
              "EventId": 604,
              "HttpStatus": 200,
              "Size": 397,
              "URL": "https://edge.microsoft.com/entityextractiontemplates/api/v1/assets/find-assets?name=addressbar_uu_files.global&version=1.*.*&channel=stable&key=d414dd4f9db345fa8003e32adc81b362"
            },
            {
              "CompressionType": "",
              "DataType": "text/plain",
              "DownloadTime": 593,
              "EventId": 590,
              "HttpStatus": 200,
              "Size": 76,
              "URL": "https://edge.microsoft.com/autofillservice/v1/pages/ChRDaHJvbWUvMTE0LjAuMTgyMy40MxIsCaQzyAOIBmdbEgUN541ADhIFDc5BTHoSBQ14bxIZEgUNDxa-KxIFDfIXbIk=?alt=proto"
            },
            {
              "CompressionType": "gzip",
              "DataType": "application/x-protobuf",
              "DownloadTime": 78,
              "EventId": 587,
              "HttpStatus": 200,
              "Size": 49,
              "URL": "https://edge.microsoft.com/extensionrevocation/v1/threatListUpdates:fetch?req=ChcKBm1zZWRnZRINMTE0LjAuMTgyMy40MxobCAEQCBoNMTY3NjAwODE4NDc3MSIEIAEgAigEIgIIAQ==&ct=application/x-protobuf&key=d414dd4f9db345fa8003e32adc81b362&ei=N"
            },
            {
              "CompressionType": "",
              "DataType": "application/json",
              "DownloadTime": 47,
              "EventId": 562,
              "HttpStatus": 200,
              "Size": 421,
              "URL": "https://edge.microsoft.com/entityextractiontemplates/api/v1/assets/find-assets?name=extraction.proactiveProduct.en-us&version=5.*.*&channel=stable&key=d414dd4f9db345fa8003e32adc81b362"
            },
            {
              "CompressionType": "",
              "DataType": "",
              "DownloadTime": 219,
              "EventId": 515,
              "HttpStatus": 429,
              "Size": 0,
              "URL": "https://edge.microsoft.com/autofillservice/v1/pages/ChRDaHJvbWUvMTE0LjAuMTgyMy40MxIlCUci0YPRDWUuEgUN541ADhIFDc5BTHoSBQ14bxIZEgUNDxa-Kw==?alt=proto"
            },
            {
              "CompressionType": "gzip",
              "DataType": "application/json",
              "DownloadTime": 296,
              "EventId": 465,
              "HttpStatus": 200,
              "Size": 180,
              "URL": "https://edge.microsoft.com/componentupdater/api/v1/update"
            },
            {
              "CompressionType": "",
              "DataType": "application/json",
              "DownloadTime": 94,
              "EventId": 463,
              "HttpStatus": 200,
              "Size": 89,
              "URL": "https://edge.microsoft.com/extensiondiagnostic/v1/activitystatus?x=id%3Djmjflgjpcpepeafmmgdpfkogkghcpiha%26v%3D1.1.3"
            },
            {
              "CompressionType": "",
              "DataType": "application/json",
              "DownloadTime": 47,
              "EventId": 460,
              "HttpStatus": 200,
              "Size": 412,
              "URL": "https://edge.microsoft.com/entityextractiontemplates/api/v1/assets/find-assets?name=extraction.autofillFull.en-us&version=1.*.*&channel=stable&key=d414dd4f9db345fa8003e32adc81b362"
            },
            {
              "CompressionType": "",
              "DataType": "text/plain",
              "DownloadTime": 157,
              "EventId": 378,
              "HttpStatus": 200,
              "Size": 136,
              "URL": "https://edge.microsoft.com/autofillservice/v1/pages/ChRDaHJvbWUvMTE0LjAuMTgyMy40MxJICYBKZBdv1XA_EgUN541ADhIFDc5BTHoSBQ14bxIZEgUNDxa-KxIFDYTmmOASBQ32cphZEgUNx3Y4UBIFDVrGPO0SBQ1yl1wv?alt=proto"
            },
            {
              "CompressionType": "gzip",
              "DataType": "application/octet-stream",
              "DownloadTime": 469,
              "EventId": 290,
              "HttpStatus": 200,
              "Size": 75,
              "URL": "https://edge.microsoft.com/sync/v1/feeds/me/syncEntities/command/?client=Chromium&client_id=vksHL0MNYCQL2Ybb9K434Q%3D%3D"
            },
            {
              "CompressionType": "",
              "DataType": "",
              "DownloadTime": 93,
              "EventId": 282,
              "HttpStatus": 429,
              "Size": 0,
              "URL": "https://edge.microsoft.com/autofillservice/v1/pages/ChRDaHJvbWUvMTE0LjAuMTgyMy40MxIlCUci0YPRDWUuEgUN541ADhIFDc5BTHoSBQ14bxIZEgUNDxa-Kw==?alt=proto"
            },
            {
              "CompressionType": "gzip",
              "DataType": "application/octet-stream",
              "DownloadTime": 453,
              "EventId": 254,
              "HttpStatus": 200,
              "Size": 110,
              "URL": "https://edge.microsoft.com/sync/v1/feeds/me/syncEntities/command/?client=Chromium&client_id=vksHL0MNYCQL2Ybb9K434Q%3D%3D"
            },
            {
              "CompressionType": "gzip",
              "DataType": "application/octet-stream",
              "DownloadTime": 297,
              "EventId": 239,
              "HttpStatus": 200,
              "Size": 184,
              "URL": "https://edge.microsoft.com/sync/v1/feeds/me/syncEntities/command/?client=Chromium&client_id=vksHL0MNYCQL2Ybb9K434Q%3D%3D"
            },
            {
              "CompressionType": "",
              "DataType": "application/json",
              "DownloadTime": 188,
              "EventId": 235,
              "HttpStatus": 201,
              "Size": 867,
              "URL": "https://edge.microsoft.com/sync/v2/feeds/me/subscriptions"
            },
            {
              "CompressionType": "gzip",
              "DataType": "application/octet-stream",
              "DownloadTime": 562,
              "EventId": 196,
              "HttpStatus": 200,
              "Size": 102,
              "URL": "https://edge.microsoft.com/sync/v1/feeds/me/syncEntities/command/?client=Chromium&client_id=vksHL0MNYCQL2Ybb9K434Q%3D%3D"
            },
            {
              "CompressionType": "gzip",
              "DataType": "application/json",
              "DownloadTime": 125,
              "EventId": 92,
              "HttpStatus": 200,
              "Size": 1223,
              "URL": "https://edge.microsoft.com/componentupdater/api/v1/update?cup2key=6:QQ_hPacW0u3iq75P0gDj6vn7WavLEUABNLAENz49Jko&cup2hreq=90b11f4ef495b95edf595bcd50654af31e94b0fa0d66ecd6b80e20a5a4b431a2"
            },
            {
              "CompressionType": "",
              "DataType": "application/json",
              "DownloadTime": 250,
              "EventId": 80,
              "HttpStatus": 201,
              "Size": 867,
              "URL": "https://edge.microsoft.com/sync/v2/feeds/me/subscriptions"
            },
            {
              "CompressionType": "",
              "DataType": "application/json",
              "DownloadTime": 234,
              "EventId": 77,
              "HttpStatus": 200,
              "Size": 116,
              "URL": "https://edge.microsoft.com/sync/v2/feeds/me/settings/homeCloud"
            },
            {
              "CompressionType": "",
              "DataType": "text/xml",
              "DownloadTime": 125,
              "EventId": 70,
              "HttpStatus": 200,
              "Size": 413,
              "URL": "https://edge.microsoft.com/extensionwebstorebase/v1/crx?os=win&arch=x64&os_arch=x86_64&nacl_arch=x86-64&prod=edgecrx&prodchannel=&prodversion=114.0.1823.43&lang=ru&acceptformat=crx3&x=id%3Djmjflgjpcpepeafmmgdpfkogkghcpiha%26v%3D1.1.3%26installedby%3Dother%26uc"
            },
            {
              "CompressionType": "",
              "DataType": "application/json",
              "DownloadTime": 140,
              "EventId": 54,
              "HttpStatus": 200,
              "Size": 1935,
              "URL": "https://edge.microsoft.com/identity/api/v3/msa"
            },
            {
              "CompressionType": "",
              "DataType": "application/json",
              "DownloadTime": 156,
              "EventId": 52,
              "HttpStatus": 200,
              "Size": 169,
              "URL": "https://edge.microsoft.com/serviceexperimentation/v2/"
            }
          ],
          "SSLCipher": "ECDHE-RSA-AES256-GCM-SHA384",
          "SSLVersion": "TLS1.2"
        },
        {
          "HTTPVersion": "HTTP/1.1",
          "IP": "13.107.6.158",
          "IncludeInScript": false,
          "Name": "edge-http.microsoft.com",
          "Port": 80,
          "Requests": [
            {
              "CompressionType": "",
              "DataType": "",
              "DownloadTime": 172,
              "EventId": 56,
              "HttpStatus": 204,
              "Size": 0,
              "URL": "http://edge-http.microsoft.com/captiveportal/generate_204"
            }
          ],
          "SSLCipher": "None",
          "SSLVersion": "None"
        }
      ],
      "IncludeInScript": true
    },
    {
      "DomainName": "live.com",
      "Domains": [
        {
          "HTTPVersion": "HTTP/1.1",
          "IP": "20.190.177.85",
          "IncludeInScript": false,
          "Name": "login.live.com",
          "Port": 443,
          "Requests": [
            {
              "CompressionType": "gzip",
              "DataType": "text/xml",
              "DownloadTime": 312,
              "EventId": 89,
              "HttpStatus": 200,
              "Size": 549,
              "URL": "https://login.live.com/ppsecure/GetUserKeyData.srf"
            }
          ],
          "SSLCipher": "",
          "SSLVersion": ""
        }
      ],
      "IncludeInScript": true
    },
    {
      "DomainName": "googletagmanager.com",
      "Domains": [
        {
          "HTTPVersion": "HTTP/1.1",
          "IP": "64.233.161.97",
          "IncludeInScript": true,
          "Name": "www.googletagmanager.com",
          "Port": 443,
          "Requests": [
            {
              "CompressionType": "br",
              "DataType": "application/javascript",
              "DownloadTime": 47,
              "EventId": 117,
              "HttpStatus": 200,
              "Size": 86397,
              "URL": "https://www.googletagmanager.com/gtag/js?id=G-TBPYED8WSW"
            }
          ],
          "SSLCipher": "TLS_AES_256_GCM_SHA384",
          "SSLVersion": "TLS1.3"
        }
      ],
      "IncludeInScript": true
    },
    {
      "DomainName": "google-analytics.com",
      "Domains": [
        {
          "HTTPVersion": "HTTP/1.1",
          "IP": "64.233.165.138",
          "IncludeInScript": false,
          "Name": "www.google-analytics.com",
          "Port": 443,
          "Requests": [
            {
              "CompressionType": "gzip",
              "DataType": "text/javascript",
              "DownloadTime": 47,
              "EventId": 218,
              "HttpStatus": 200,
              "Size": 20737,
              "URL": "https://www.google-analytics.com/analytics.js"
            },
            {
              "CompressionType": "",
              "DataType": "text/plain",
              "DownloadTime": 47,
              "EventId": 216,
              "HttpStatus": 204,
              "Size": 0,
              "URL": "https://www.google-analytics.com/g/collect?v=2&tid=G-TBPYED8WSW&gtm=45je36c0&_p=887493662&cid=1206801990.1686755436&ul=ru&sr=1536x864&uaa=x86&uab=64&uafvl=Not.A%252FBrand%3B8.0.0.0%7CChromium%3B114.0.5735.110%7CMicrosoft%2520Edge%3B114.0.1823.43&uamb=0&uam=&uap=Windows&uapv=15.0.0&uaw=0&ngs=1&_s=1&sid=1686755436&sct=1&seg=0&dl=https%3A%2F%2Fwww.advantageonlineshopping.com%2F&dt=%C2%A0Advantage%20Shopping&en=page_view&_fv=1&_nsi=1&_ss=1&_ee=1"
            }
          ],
          "SSLCipher": "TLS_AES_256_GCM_SHA384",
          "SSLVersion": "TLS1.3"
        }
      ],
      "IncludeInScript": true
    },
    {
      "DomainName": "bing.com",
      "Domains": [
        {
          "HTTPVersion": "HTTP/1.1",
          "IP": "62.115.252.35",
          "IncludeInScript": false,
          "Name": "www.bing.com",
          "Port": 443,
          "Requests": [
            {
              "CompressionType": "",
              "DataType": "application/json",
              "DownloadTime": 921,
              "EventId": 593,
              "HttpStatus": 200,
              "Size": 80,
              "URL": "https://www.bing.com/api/shopping/v1/item/search?appid=45EBD043982A03A4CA6B8962005A06F2B1FED569&mkt=en-us&uapimkt=en-us&features=enuapimkt"
            },
            {
              "CompressionType": "",
              "DataType": "application/json",
              "DownloadTime": 281,
              "EventId": 564,
              "HttpStatus": 200,
              "Size": 80,
              "URL": "https://www.bing.com/api/shopping/v1/item/search?appid=45EBD043982A03A4CA6B8962005A06F2B1FED569&mkt=en-us&uapimkt=en-us&features=enuapimkt"
            },
            {
              "CompressionType": "",
              "DataType": "application/json",
              "DownloadTime": 140,
              "EventId": 298,
              "HttpStatus": 200,
              "Size": 453887,
              "URL": "https://www.bing.com/bloomfilterfiles/DomainsFilterGlobal.json"
            },
            {
              "CompressionType": "br",
              "DataType": "text/html",
              "DownloadTime": 203,
              "EventId": 105,
              "HttpStatus": 200,
              "Size": 20,
              "URL": "https://www.bing.com/fd/auth/signin?&action=header&provider=windows_live_id&save_token=0"
            },
            {
              "CompressionType": "",
              "DataType": "application/json",
              "DownloadTime": 188,
              "EventId": 86,
              "HttpStatus": 200,
              "Size": 81,
              "URL": "https://www.bing.com/api/shopping/v1/savings/rewards/rewardsUserInfo"
            },
            {
              "CompressionType": "",
              "DataType": "application/json",
              "DownloadTime": 172,
              "EventId": 83,
              "HttpStatus": 200,
              "Size": 81,
              "URL": "https://www.bing.com/api/shopping/v1/savings/rewards/rewardsUserInfo"
            }
          ],
          "SSLCipher": "",
          "SSLVersion": ""
        },
        {
          "HTTPVersion": "HTTP/1.1",
          "IP": "13.107.6.158",
          "IncludeInScript": false,
          "Name": "business.bing.com",
          "Port": 443,
          "Requests": [
            {
              "CompressionType": "br",
              "DataType": "application/json",
              "DownloadTime": 203,
              "EventId": 472,
              "HttpStatus": 401,
              "Size": 379,
              "URL": "https://business.bing.com/work/api/v2/tenant/my/settingswithflights?&clienttype=edge-omnibox"
            }
          ],
          "SSLCipher": "",
          "SSLVersion": ""
        }
      ],
      "IncludeInScript": true
    },
    {
      "DomainName": "advantageonlineshopping.com",
      "Domains": [
        {
          "HTTPVersion": "HTTP/1.1",
          "IP": "54.227.55.203",
          "IncludeInScript": true,
          "Name": "www.advantageonlineshopping.com",
          "Port": 443,
          "Requests": [
            {
              "CompressionType": "",
              "DataType": "text/xml",
              "DownloadTime": 500,
              "EventId": 607,
              "HttpStatus": 200,
              "Size": 402,
              "URL": "https://www.advantageonlineshopping.com/accountservice/ws/AccountLogoutRequest"
            },
            {
              "CompressionType": "gzip",
              "DataType": "application/json",
              "DownloadTime": 562,
              "EventId": 602,
              "HttpStatus": 201,
              "Size": 214,
              "URL": "https://www.advantageonlineshopping.com/order/api/v1/carts/318719319/product/9/color/414141?quantity=1"
            },
            {
              "CompressionType": "",
              "DataType": "image/png",
              "DownloadTime": 234,
              "EventId": 585,
              "HttpStatus": 200,
              "Size": 1087,
              "URL": "https://www.advantageonlineshopping.com/css/images/review_Left_disabled.png"
            },
            {
              "CompressionType": "",
              "DataType": "image/png",
              "DownloadTime": 234,
              "EventId": 583,
              "HttpStatus": 200,
              "Size": 1542,
              "URL": "https://www.advantageonlineshopping.com/css/images/reviewUser.png"
            },
            {
              "CompressionType": "",
              "DataType": "image/png",
              "DownloadTime": 219,
              "EventId": 581,
              "HttpStatus": 200,
              "Size": 1075,
              "URL": "https://www.advantageonlineshopping.com/css/images/review_right.png"
            },
            {
              "CompressionType": "gzip",
              "DataType": "text/html",
              "DownloadTime": 171,
              "EventId": 579,
              "HttpStatus": 200,
              "Size": 2360,
              "URL": "https://www.advantageonlineshopping.com/app/views/product-page.html"
            },
            {
              "CompressionType": "gzip",
              "DataType": "application/json",
              "DownloadTime": 1140,
              "EventId": 577,
              "HttpStatus": 200,
              "Size": 8541,
              "URL": "https://www.advantageonlineshopping.com/catalog/api/v1/categories/all_data"
            },
            {
              "CompressionType": "gzip",
              "DataType": "application/json",
              "DownloadTime": 797,
              "EventId": 575,
              "HttpStatus": 200,
              "Size": 3075,
              "URL": "https://www.advantageonlineshopping.com/catalog/api/v1/categories/1/products"
            },
            {
              "CompressionType": "gzip",
              "DataType": "application/json",
              "DownloadTime": 313,
              "EventId": 573,
              "HttpStatus": 200,
              "Size": 588,
              "URL": "https://www.advantageonlineshopping.com/catalog/api/v1/products/9"
            },
            {
              "CompressionType": "",
              "DataType": "image/jpeg",
              "DownloadTime": 219,
              "EventId": 557,
              "HttpStatus": 200,
              "Size": 61923,
              "URL": "https://www.advantageonlineshopping.com/catalog/fetchImage?image_id=1800"
            },
            {
              "CompressionType": "",
              "DataType": "image/jpeg",
              "DownloadTime": 438,
              "EventId": 542,
              "HttpStatus": 200,
              "Size": 51626,
              "URL": "https://www.advantageonlineshopping.com/catalog/fetchImage?image_id=1300"
            },
            {
              "CompressionType": "",
              "DataType": "image/jpeg",
              "DownloadTime": 422,
              "EventId": 540,
              "HttpStatus": 200,
              "Size": 28946,
              "URL": "https://www.advantageonlineshopping.com/catalog/fetchImage?image_id=1400"
            },
            {
              "CompressionType": "",
              "DataType": "image/jpeg",
              "DownloadTime": 390,
              "EventId": 538,
              "HttpStatus": 200,
              "Size": 51082,
              "URL": "https://www.advantageonlineshopping.com/catalog/fetchImage?image_id=11100"
            },
            {
              "CompressionType": "",
              "DataType": "image/jpeg",
              "DownloadTime": 390,
              "EventId": 536,
              "HttpStatus": 200,
              "Size": 48700,
              "URL": "https://www.advantageonlineshopping.com/catalog/fetchImage?image_id=1245"
            },
            {
              "CompressionType": "",
              "DataType": "image/jpeg",
              "DownloadTime": 203,
              "EventId": 533,
              "HttpStatus": 200,
              "Size": 30727,
              "URL": "https://www.advantageonlineshopping.com/catalog/fetchImage?image_id=1200"
            },
            {
              "CompressionType": "",
              "DataType": "image/jpeg",
              "DownloadTime": 204,
              "EventId": 531,
              "HttpStatus": 200,
              "Size": 49974,
              "URL": "https://www.advantageonlineshopping.com/catalog/fetchImage?image_id=1100"
            },
            {
              "CompressionType": "",
              "DataType": "image/jpeg",
              "DownloadTime": 406,
              "EventId": 508,
              "HttpStatus": 200,
              "Size": 26778,
              "URL": "https://www.advantageonlineshopping.com/catalog/fetchImage?image_id=1249"
            },
            {
              "CompressionType": "",
              "DataType": "image/png",
              "DownloadTime": 422,
              "EventId": 506,
              "HttpStatus": 200,
              "Size": 1415,
              "URL": "https://www.advantageonlineshopping.com/css/images/Filter.png"
            },
            {
              "CompressionType": "",
              "DataType": "image/jpeg",
              "DownloadTime": 375,
              "EventId": 504,
              "HttpStatus": 200,
              "Size": 28687,
              "URL": "https://www.advantageonlineshopping.com/catalog/fetchImage?image_id=1700"
            },
            {
              "CompressionType": "",
              "DataType": "image/png",
              "DownloadTime": 406,
              "EventId": 502,
              "HttpStatus": 200,
              "Size": 224086,
              "URL": "https://www.advantageonlineshopping.com/css/images/category_banner_1.png"
            },
            {
              "CompressionType": "",
              "DataType": "image/jpeg",
              "DownloadTime": 360,
              "EventId": 500,
              "HttpStatus": 200,
              "Size": 33229,
              "URL": "https://www.advantageonlineshopping.com/catalog/fetchImage?image_id=1600"
            },
            {
              "CompressionType": "",
              "DataType": "image/jpeg",
              "DownloadTime": 375,
              "EventId": 498,
              "HttpStatus": 200,
              "Size": 38520,
              "URL": "https://www.advantageonlineshopping.com/catalog/fetchImage?image_id=1250"
            },
            {
              "CompressionType": "gzip",
              "DataType": "text/html",
              "DownloadTime": 187,
              "EventId": 496,
              "HttpStatus": 200,
              "Size": 741,
              "URL": "https://www.advantageonlineshopping.com/app/views/category-page.html"
            },
            {
              "CompressionType": "gzip",
              "DataType": "application/json",
              "DownloadTime": 375,
              "EventId": 494,
              "HttpStatus": 200,
              "Size": 552,
              "URL": "https://www.advantageonlineshopping.com/catalog/api/v1/categories/attributes"
            },
            {
              "CompressionType": "gzip",
              "DataType": "application/json",
              "DownloadTime": 531,
              "EventId": 492,
              "HttpStatus": 200,
              "Size": 3073,
              "URL": "https://www.advantageonlineshopping.com/catalog/api/v1/categories/1/products"
            },
            {
              "CompressionType": "gzip",
              "DataType": "application/json",
              "DownloadTime": 281,
              "EventId": 486,
              "HttpStatus": 200,
              "Size": 111,
              "URL": "https://www.advantageonlineshopping.com/order/api/v1/carts/318719319"
            },
            {
              "CompressionType": "",
              "DataType": "text/xml",
              "DownloadTime": 469,
              "EventId": 484,
              "HttpStatus": 200,
              "Size": 785,
              "URL": "https://www.advantageonlineshopping.com/accountservice/ws/AccountLoginRequest"
            },
            {
              "CompressionType": "",
              "DataType": "image/png",
              "DownloadTime": 218,
              "EventId": 467,
              "HttpStatus": 200,
              "Size": 1029,
              "URL": "https://www.advantageonlineshopping.com/css/images/FacebookLogo.png"
            },
            {
              "CompressionType": "",
              "DataType": "image/jpeg",
              "DownloadTime": 156,
              "EventId": 456,
              "HttpStatus": 200,
              "Size": 42737,
              "URL": "https://www.advantageonlineshopping.com/css/images/Popular-item1.jpg"
            },
            {
              "CompressionType": "",
              "DataType": "image/jpeg",
              "DownloadTime": 203,
              "EventId": 414,
              "HttpStatus": 200,
              "Size": 68456,
              "URL": "https://www.advantageonlineshopping.com/css/images/Banner3.jpg"
            },
            {
              "CompressionType": "",
              "DataType": "image/jpeg",
              "DownloadTime": 172,
              "EventId": 412,
              "HttpStatus": 200,
              "Size": 28087,
              "URL": "https://www.advantageonlineshopping.com/css/images/Popular-item2.jpg"
            },
            {
              "CompressionType": "",
              "DataType": "image/jpeg",
              "DownloadTime": 187,
              "EventId": 409,
              "HttpStatus": 200,
              "Size": 85091,
              "URL": "https://www.advantageonlineshopping.com/css/images/Banner2.jpg"
            },
            {
              "CompressionType": "",
              "DataType": "image/jpeg",
              "DownloadTime": 172,
              "EventId": 407,
              "HttpStatus": 200,
              "Size": 496378,
              "URL": "https://www.advantageonlineshopping.com/css/images/Banner1.jpg"
            },
            {
              "CompressionType": "",
              "DataType": "image/jpeg",
              "DownloadTime": 157,
              "EventId": 405,
              "HttpStatus": 200,
              "Size": 25978,
              "URL": "https://www.advantageonlineshopping.com/css/images/Popular-item3.jpg"
            },
            {
              "CompressionType": "",
              "DataType": "image/png",
              "DownloadTime": 172,
              "EventId": 403,
              "HttpStatus": 200,
              "Size": 1707,
              "URL": "https://www.advantageonlineshopping.com/css/images/linkedin.png"
            },
            {
              "CompressionType": "",
              "DataType": "image/png",
              "DownloadTime": 187,
              "EventId": 398,
              "HttpStatus": 200,
              "Size": 2114,
              "URL": "https://www.advantageonlineshopping.com/css/images/GoUp.png"
            },
            {
              "CompressionType": "",
              "DataType": "image/png",
              "DownloadTime": 172,
              "EventId": 395,
              "HttpStatus": 200,
              "Size": 1583,
              "URL": "https://www.advantageonlineshopping.com/css/images/facebook.png"
            },
            {
              "CompressionType": "",
              "DataType": "image/png",
              "DownloadTime": 156,
              "EventId": 393,
              "HttpStatus": 200,
              "Size": 2064,
              "URL": "https://www.advantageonlineshopping.com/css/images/twitter.png"
            },
            {
              "CompressionType": "",
              "DataType": "image/jpeg",
              "DownloadTime": 172,
              "EventId": 391,
              "HttpStatus": 200,
              "Size": 80826,
              "URL": "https://www.advantageonlineshopping.com/css/images/Special-offer.jpg"
            },
            {
              "CompressionType": "",
              "DataType": "image/png",
              "DownloadTime": 141,
              "EventId": 388,
              "HttpStatus": 200,
              "Size": 3003,
              "URL": "https://www.advantageonlineshopping.com/css/images/chat_logo.png"
            },
            {
              "CompressionType": "",
              "DataType": "font/woff",
              "DownloadTime": 157,
              "EventId": 386,
              "HttpStatus": 200,
              "Size": 24944,
              "URL": "https://www.advantageonlineshopping.com/css/fonts/roboto_thin_macroman/Roboto-Thin-webfont.woff"
            },
            {
              "CompressionType": "",
              "DataType": "image/jpeg",
              "DownloadTime": 453,
              "EventId": 356,
              "HttpStatus": 200,
              "Size": 60070,
              "URL": "https://www.advantageonlineshopping.com/catalog/fetchImage?image_id=headphones"
            },
            {
              "CompressionType": "",
              "DataType": "image/png",
              "DownloadTime": 453,
              "EventId": 354,
              "HttpStatus": 200,
              "Size": 91647,
              "URL": "https://www.advantageonlineshopping.com/catalog/fetchImage?image_id=mice"
            },
            {
              "CompressionType": "",
              "DataType": "image/jpeg",
              "DownloadTime": 453,
              "EventId": 352,
              "HttpStatus": 200,
              "Size": 47798,
              "URL": "https://www.advantageonlineshopping.com/catalog/fetchImage?image_id=laptops"
            },
            {
              "CompressionType": "",
              "DataType": "image/jpeg",
              "DownloadTime": 437,
              "EventId": 350,
              "HttpStatus": 200,
              "Size": 63833,
              "URL": "https://www.advantageonlineshopping.com/catalog/fetchImage?image_id=tablets"
            },
            {
              "CompressionType": "",
              "DataType": "font/woff",
              "DownloadTime": 312,
              "EventId": 348,
              "HttpStatus": 200,
              "Size": 24808,
              "URL": "https://www.advantageonlineshopping.com/css/fonts/roboto_bold_macroman/Roboto-Bold-webfont.woff"
            },
            {
              "CompressionType": "",
              "DataType": "image/png",
              "DownloadTime": 344,
              "EventId": 345,
              "HttpStatus": 200,
              "Size": 228775,
              "URL": "https://www.advantageonlineshopping.com/catalog/fetchImage?image_id=speakers"
            },
            {
              "CompressionType": "",
              "DataType": "image/png",
              "DownloadTime": 188,
              "EventId": 343,
              "HttpStatus": 200,
              "Size": 996,
              "URL": "https://www.advantageonlineshopping.com/css/images/arrow_right.png"
            },
            {
              "CompressionType": "gzip",
              "DataType": "text/html",
              "DownloadTime": 156,
              "EventId": 341,
              "HttpStatus": 200,
              "Size": 2243,
              "URL": "https://www.advantageonlineshopping.com/app/views/home-page.html"
            },
            {
              "CompressionType": "gzip",
              "DataType": "application/json",
              "DownloadTime": 157,
              "EventId": 339,
              "HttpStatus": 200,
              "Size": 500,
              "URL": "https://www.advantageonlineshopping.com/app/tempFiles/popularProducts.json"
            },
            {
              "CompressionType": "gzip",
              "DataType": "application/json",
              "DownloadTime": 250,
              "EventId": 337,
              "HttpStatus": 200,
              "Size": 351,
              "URL": "https://www.advantageonlineshopping.com/catalog/api/v1/deals/search?dealOfTheDay=true"
            },
            {
              "CompressionType": "gzip",
              "DataType": "application/json",
              "DownloadTime": 266,
              "EventId": 296,
              "HttpStatus": 200,
              "Size": 4518,
              "URL": "https://www.advantageonlineshopping.com/catalog/api/v1/categories"
            },
            {
              "CompressionType": "",
              "DataType": "text/xml",
              "DownloadTime": 407,
              "EventId": 288,
              "HttpStatus": 200,
              "Size": 823,
              "URL": "https://www.advantageonlineshopping.com/accountservice/ws/GetAccountConfigurationRequest"
            },
            {
              "CompressionType": "",
              "DataType": "image/x-icon",
              "DownloadTime": 250,
              "EventId": 272,
              "HttpStatus": 200,
              "Size": 1150,
              "URL": "https://www.advantageonlineshopping.com/css/images/favicon.ico"
            },
            {
              "CompressionType": "",
              "DataType": "font/woff",
              "DownloadTime": 250,
              "EventId": 269,
              "HttpStatus": 200,
              "Size": 24576,
              "URL": "https://www.advantageonlineshopping.com/css/fonts/roboto_light_macroman/Roboto-Light-webfont.woff"
            },
            {
              "CompressionType": "",
              "DataType": "font/woff",
              "DownloadTime": 297,
              "EventId": 267,
              "HttpStatus": 200,
              "Size": 25020,
              "URL": "https://www.advantageonlineshopping.com/css/fonts/roboto_regular_macroman/Roboto-Regular-webfont.woff"
            },
            {
              "CompressionType": "",
              "DataType": "font/woff",
              "DownloadTime": 297,
              "EventId": 265,
              "HttpStatus": 200,
              "Size": 25048,
              "URL": "https://www.advantageonlineshopping.com/css/fonts/roboto_medium_macroman/Roboto-Medium-webfont.woff"
            },
            {
              "CompressionType": "gzip",
              "DataType": "application/json",
              "DownloadTime": 172,
              "EventId": 249,
              "HttpStatus": 200,
              "Size": 6541,
              "URL": "https://www.advantageonlineshopping.com/catalog/api/v1/DemoAppConfig/parameters/by_tool/ALL"
            },
            {
              "CompressionType": "",
              "DataType": "image/png",
              "DownloadTime": 157,
              "EventId": 246,
              "HttpStatus": 200,
              "Size": 1098,
              "URL": "https://www.advantageonlineshopping.com/css/images/closeDark.png"
            },
            {
              "CompressionType": "",
              "DataType": "image/png",
              "DownloadTime": 156,
              "EventId": 244,
              "HttpStatus": 200,
              "Size": 2645,
              "URL": "https://www.advantageonlineshopping.com/css/images/logo.png"
            },
            {
              "CompressionType": "",
              "DataType": "",
              "DownloadTime": 140,
              "EventId": 237,
              "HttpStatus": 200,
              "Size": 1010,
              "URL": "https://www.advantageonlineshopping.com/services.properties"
            },
            {
              "CompressionType": "gzip",
              "DataType": "application/javascript",
              "DownloadTime": 406,
              "EventId": 191,
              "HttpStatus": 200,
              "Size": 268667,
              "URL": "https://www.advantageonlineshopping.com/main.min.js"
            },
            {
              "CompressionType": "",
              "DataType": "image/svg+xml",
              "DownloadTime": 172,
              "EventId": 144,
              "HttpStatus": 200,
              "Size": 795,
              "URL": "https://www.advantageonlineshopping.com/css/images/Down_arrow.svg"
            },
            {
              "CompressionType": "gzip",
              "DataType": "application/javascript",
              "DownloadTime": 172,
              "EventId": 101,
              "HttpStatus": 200,
              "Size": 20995,
              "URL": "https://www.advantageonlineshopping.com/vendor/requirejs/require.js"
            },
            {
              "CompressionType": "gzip",
              "DataType": "text/css",
              "DownloadTime": 468,
              "EventId": 94,
              "HttpStatus": 200,
              "Size": 30101,
              "URL": "https://www.advantageonlineshopping.com/css/main.min.css"
            },
            {
              "CompressionType": "gzip",
              "DataType": "text/html",
              "DownloadTime": 172,
              "EventId": 72,
              "HttpStatus": 200,
              "Size": 2909,
              "URL": "https://www.advantageonlineshopping.com/"
            }
          ],
          "SSLCipher": "TLS_AES_256_GCM_SHA384",
          "SSLVersion": "TLS1.3"
        }
      ],
      "IncludeInScript": true
    }
  ],
  "WebSocket": {
    "IncludeInScript": false,
    "IsScriptIncludeWebSocket": false
  },
  "NumberOfCorrelations": 2
}