[
    {
        "actionName": "Action",
        "steps": [
            {
                "stepId": "STEP1",
                "stepName": "Url: www.advantageonlineshopping.com",
                "infFile": "t1.inf",
                "time": 1687201163542
            },
            {
                "stepId": "STEP2",
                "stepName": "Url: ALL",
                "infFile": "t2.inf",
                "time": 1687201163843
            },
            {
                "stepId": "STEP3",
                "stepName": "Custom Request: GetAccountConfigurationRequest",
                "infFile": "t3.inf",
                "time": 1687201164219
            },
            {
                "stepId": "STEP4",
                "stepName": "Url: categories",
                "infFile": "t4.inf",
                "time": 1687201164513
            },
            {
                "stepId": "STEP5",
                "stepName": "Url: search",
                "infFile": "t5.inf",
                "time": 1687201164804
            },
            {
                "stepId": "STEP6",
                "stepName": "Url: popularProducts.json",
                "infFile": "t6.inf",
                "time": 1687201164986
            },
            {
                "stepId": "STEP7",
                "stepName": "Url: home-page.html",
                "infFile": "t7.inf",
                "time": 1687201165482
            },
            {
                "stepId": "STEP8",
                "stepName": "Custom Request: AccountLoginRequest",
                "infFile": "t8.inf",
                "time": 1687201166009
            },
            {
                "stepId": "STEP9",
                "stepName": "Url: 318719319",
                "infFile": "t9.inf",
                "time": 1687201166413
            },
            {
                "stepId": "STEP10",
                "stepName": "Url: products",
                "infFile": "t10.inf",
                "time": 1687201167070
            },
            {
                "stepId": "STEP11",
                "stepName": "Url: attributes",
                "infFile": "t11.inf",
                "time": 1687201167717
            },
            {
                "stepId": "STEP12",
                "stepName": "Url: category-page.html",
                "infFile": "t12.inf",
                "time": 1687201167926
            },
            {
                "stepId": "STEP13",
                "stepName": "Url: 29",
                "infFile": "t13.inf",
                "time": 1687201168250
            },
            {
                "stepId": "STEP14",
                "stepName": "Url: all_data",
                "infFile": "t14.inf",
                "time": 1687201169164
            },
            {
                "stepId": "STEP15",
                "stepName": "Url: products_2",
                "infFile": "t15.inf",
                "time": 1687201169757
            },
            {
                "stepId": "STEP16",
                "stepName": "Url: product-page.html",
                "infFile": "t16.inf",
                "time": 1687201170258
            },
            {
                "stepId": "STEP17",
                "stepName": "Custom Request: AccountLogoutRequest",
                "infFile": "t17.inf",
                "time": 1687201170743
            }
        ],
        "transactions": [
            {
                "transactionName": "login",
                "rawStartTime": 1687201165513,
                "rawEndTime": 1687201166429,
                "thinkTime": 0.0,
                "wastedTime": 0.008349895477294922
            },
            {
                "transactionName": "view products and categories",
                "rawStartTime": 1687201166460,
                "rawEndTime": 1687201170275,
                "thinkTime": 0.0,
                "wastedTime": 0.03211665153503418
            },
            {
                "transactionName": "logout",
                "rawStartTime": 1687201170305,
                "rawEndTime": 1687201170744,
                "thinkTime": 0.0,
                "wastedTime": 0.004052400588989258
            },
            {
                "transactionName": "at_view",
                "rawStartTime": 1687201150965,
                "rawEndTime": 1687201170761,
                "thinkTime": 0.0,
                "wastedTime": 0.25766944885253909
            }
        ]
    }
]