<?xml version="1.0" encoding="UTF-8"?><SLA Version="1.0"><TxList><Tx>choose category</Tx><Tx>vuser_end_Transaction</Tx><Tx>login</Tx><Tx>at_view</Tx><Tx>choose product</Tx><Tx>add to cart</Tx><Tx>vuser_init_Transaction</Tx><Tx>logout</Tx><Tx>view products and categories</Tx><Tx>at_login-logout</Tx><Tx>at_buy</Tx><Tx>Action_Transaction</Tx></TxList><SLARules><TrackingPeriodType>Default</TrackingPeriodType><TrackingPeriodValue></TrackingPeriodValue><TrackingPeriodTimeScale></TrackingPeriodTimeScale></SLARules></SLA>