[
    {
        "actionName": "Action",
        "steps": [
            {
                "stepId": "STEP1",
                "stepName": "Url: www.advantageonlineshopping.com",
                "infFile": "t1.inf",
                "time": 1687198423944
            },
            {
                "stepId": "STEP2",
                "stepName": "Custom Request: report_2",
                "infFile": "t2.inf",
                "time": 1687198424394
            },
            {
                "stepId": "STEP3",
                "stepName": "Custom Request: GetAccountConfigurationRequest",
                "infFile": "t3.inf",
                "time": 1687198424787
            },
            {
                "stepId": "STEP4",
                "stepName": "Url: categories",
                "infFile": "t4.inf",
                "time": 1687198425109
            },
            {
                "stepId": "STEP5",
                "stepName": "Url: search",
                "infFile": "t5.inf",
                "time": 1687198425423
            },
            {
                "stepId": "STEP6",
                "stepName": "Url: popularProducts.json",
                "infFile": "t6.inf",
                "time": 1687198425648
            },
            {
                "stepId": "STEP7",
                "stepName": "Url: home-page.html",
                "infFile": "t7.inf",
                "time": 1687198426193
            },
            {
                "stepId": "STEP8",
                "stepName": "Custom Request: AccountLoginRequest",
                "infFile": "t8.inf",
                "time": 1687198426662
            },
            {
                "stepId": "STEP9",
                "stepName": "Custom Request: report_4",
                "infFile": "t9.inf",
                "time": 1687198426904
            },
            {
                "stepId": "STEP10",
                "stepName": "Url: {userId}",
                "infFile": "t10.inf",
                "time": 1687198427335
            },
            {
                "stepId": "STEP11",
                "stepName": "Custom Request: AccountLogoutRequest",
                "infFile": "t11.inf",
                "time": 1687198427837
            }
        ],
        "transactions": [
            {
                "transactionName": "login",
                "rawStartTime": 1687198426196,
                "rawEndTime": 1687198427351,
                "thinkTime": 0.0,
                "wastedTime": 0.02392435073852539
            },
            {
                "transactionName": "logout",
                "rawStartTime": 1687198427383,
                "rawEndTime": 1687198427842,
                "thinkTime": 0.0,
                "wastedTime": 0.007533550262451172
            },
            {
                "transactionName": "at_login-logout",
                "rawStartTime": 1687198413727,
                "rawEndTime": 1687198427857,
                "thinkTime": 0.0,
                "wastedTime": 0.3451082706451416
            }
        ]
    }
]