[
    {
        "actionName": "Action",
        "steps": [
            {
                "stepId": "STEP1",
                "stepName": "Url: www.advantageonlineshopping.com",
                "infFile": "t1.inf",
                "time": 1686843861994
            },
            {
                "stepId": "STEP2",
                "stepName": "Url: ALL",
                "infFile": "t2.inf",
                "time": 1686843862411
            },
            {
                "stepId": "STEP3",
                "stepName": "Custom Request: GetAccountConfigurationRequest",
                "infFile": "t3.inf",
                "time": 1686843862811
            },
            {
                "stepId": "STEP4",
                "stepName": "Url: categories",
                "infFile": "t4.inf",
                "time": 1686843863153
            },
            {
                "stepId": "STEP5",
                "stepName": "Url: search",
                "infFile": "t5.inf",
                "time": 1686843863477
            },
            {
                "stepId": "STEP6",
                "stepName": "Url: popularProducts.json",
                "infFile": "t6.inf",
                "time": 1686843863702
            },
            {
                "stepId": "STEP7",
                "stepName": "Url: home-page.html",
                "infFile": "t7.inf",
                "time": 1686843864260
            },
            {
                "stepId": "STEP8",
                "stepName": "Custom Request: AccountLoginRequest",
                "infFile": "t8.inf",
                "time": 1686843864853
            },
            {
                "stepId": "STEP9",
                "stepName": "Url: 318719319",
                "infFile": "t10.inf",
                "time": 1686843865354
            },
            {
                "stepId": "STEP10",
                "stepName": "Url: products",
                "infFile": "t11.inf",
                "time": 1686843871014
            },
            {
                "stepId": "STEP11",
                "stepName": "Url: attributes",
                "infFile": "t12.inf",
                "time": 1686843871505
            },
            {
                "stepId": "STEP12",
                "stepName": "Url: category-page.html",
                "infFile": "t13.inf",
                "time": 1686843871831
            },
            {
                "stepId": "STEP13",
                "stepName": "Url: 9",
                "infFile": "t14.inf",
                "time": 1686843877356
            },
            {
                "stepId": "STEP14",
                "stepName": "Url: products_2",
                "infFile": "t15.inf",
                "time": 1686843877951
            },
            {
                "stepId": "STEP15",
                "stepName": "Url: all_data",
                "infFile": "t16.inf",
                "time": 1686843878788
            },
            {
                "stepId": "STEP16",
                "stepName": "Url: product-page.html",
                "infFile": "t17.inf",
                "time": 1686843879506
            },
            {
                "stepId": "STEP17",
                "stepName": "Submit Data: 414141",
                "infFile": "t18.inf",
                "time": 1686843885269
            },
            {
                "stepId": "STEP18",
                "stepName": "Custom Request: AccountLogoutRequest",
                "infFile": "t19.inf",
                "time": 1686843890865
            }
        ],
        "transactions": [
            {
                "transactionName": "login",
                "rawStartTime": 1686843864279,
                "rawEndTime": 1686843865368,
                "thinkTime": 0.0,
                "wastedTime": 0.014641046524047852
            },
            {
                "transactionName": "choose category",
                "rawStartTime": 1686843870404,
                "rawEndTime": 1686843871846,
                "thinkTime": 0.0,
                "wastedTime": 0.026439428329467775
            },
            {
                "transactionName": "choose product",
                "rawStartTime": 1686843876889,
                "rawEndTime": 1686843879509,
                "thinkTime": 0.0,
                "wastedTime": 0.03096485137939453
            },
            {
                "transactionName": "add to cart",
                "rawStartTime": 1686843884543,
                "rawEndTime": 1686843885272,
                "thinkTime": 0.0,
                "wastedTime": 0.012438774108886719
            },
            {
                "transactionName": "logout",
                "rawStartTime": 1686843890305,
                "rawEndTime": 1686843890876,
                "thinkTime": 0.0,
                "wastedTime": 0.009556770324707032
            }
        ]
    }
]