{
  "FilterHeaders": [
    {
      "Header": "x-requested-with",
      "IncludeInScript": true
    },
    {
      "Header": "user-agent",
      "IncludeInScript": false
    },
    {
      "Header": "upgrade-insecure-requests",
      "IncludeInScript": true
    },
    {
      "Header": "soapaction",
      "IncludeInScript": true
    },
    {
      "Header": "sec-fetch-user",
      "IncludeInScript": true
    },
    {
      "Header": "sec-fetch-site",
      "IncludeInScript": true
    },
    {
      "Header": "sec-fetch-mode",
      "IncludeInScript": true
    },
    {
      "Header": "sec-fetch-dest",
      "IncludeInScript": true
    },
    {
      "Header": "sec-ch-ua-platform",
      "IncludeInScript": true
    },
    {
      "Header": "sec-ch-ua-mobile",
      "IncludeInScript": true
    },
    {
      "Header": "sec-ch-ua",
      "IncludeInScript": true
    },
    {
      "Header": "origin",
      "IncludeInScript": true
    },
    {
      "Header": "authorization",
      "IncludeInScript": true
    },
    {
      "Header": "access-control-request-method",
      "IncludeInScript": true
    },
    {
      "Header": "access-control-request-headers",
      "IncludeInScript": true
    },
    {
      "Header": "accept-language",
      "IncludeInScript": false
    },
    {
      "Header": "accept-encoding",
      "IncludeInScript": false
    },
    {
      "Header": "accept",
      "IncludeInScript": false
    }
  ],
  "FilterResources": [
    {
      "IsNonResource": true,
      "type": "text/xml"
    },
    {
      "IsNonResource": false,
      "type": "text/plain"
    },
    {
      "IsNonResource": true,
      "type": "text/html"
    },
    {
      "IsNonResource": false,
      "type": "text/css"
    },
    {
      "IsNonResource": false,
      "type": "image/x-icon"
    },
    {
      "IsNonResource": false,
      "type": "image/svg+xml"
    },
    {
      "IsNonResource": false,
      "type": "image/png"
    },
    {
      "IsNonResource": false,
      "type": "image/jpeg"
    },
    {
      "IsNonResource": false,
      "type": "font/woff"
    },
    {
      "IsNonResource": true,
      "type": "application/json"
    },
    {
      "IsNonResource": false,
      "type": "application/javascript"
    }
  ],
  "GeneralInfo": {
    "BrowserVersion": "",
    "IsWinInetMode": false,
    "MaxUsedConnections": 9,
    "RecordedBrowser": "c:\\program files (x86)\\microsoft\\edge\\application\\msedge.exe",
    "RecordingDate": "РёСЋРЅ-11-2023",
    "RecordingDuration": 119453,
    "RecordingMode": "N/A",
    "RecordingTimeStamp": 1686504113,
    "RecordingType": "Application",
    "TotalBytesReceived": 1887704,
    "TotalBytesSent": 40371,
    "TotalRequests": 49,
    "UserAgent": "Crashpad/0.8.0 WinHTTP/10.0.22621.1635 Windows_NT/10.0.22621.1635 (x64)"
  },
  "HostInfo": [
    {
      "DomainName": "nelreports.net",
      "Domains": [
        {
          "HTTPVersion": "HTTP/1.1",
          "IP": "2.23.167.153",
          "IncludeInScript": true,
          "Name": "egde.nelreports.net",
          "Port": 443,
          "Requests": [
            {
              "CompressionType": "",
              "DataType": "text/html",
              "DownloadTime": 453,
              "EventId": 497,
              "HttpStatus": 503,
              "Size": 326,
              "URL": "https://egde.nelreports.net/api/report?cat=edge"
            }
          ],
          "SSLCipher": "",
          "SSLVersion": ""
        },
        {
          "HTTPVersion": "HTTP/1.1",
          "IP": "188.234.145.145",
          "IncludeInScript": true,
          "Name": "bzib.nelreports.net",
          "Port": 443,
          "Requests": [
            {
              "CompressionType": "gzip",
              "DataType": "text/plain",
              "DownloadTime": 219,
              "EventId": 480,
              "HttpStatus": 200,
              "Size": 137,
              "URL": "https://bzib.nelreports.net/api/report?cat=bingbusiness"
            },
            {
              "CompressionType": "",
              "DataType": "",
              "DownloadTime": 219,
              "EventId": 478,
              "HttpStatus": 200,
              "Size": 0,
              "URL": "https://bzib.nelreports.net/api/report?cat=bingbusiness"
            },
            {
              "CompressionType": "",
              "DataType": "text/plain",
              "DownloadTime": 203,
              "EventId": 247,
              "HttpStatus": 200,
              "Size": 21,
              "URL": "https://bzib.nelreports.net/api/report?cat=bingbusiness"
            },
            {
              "CompressionType": "",
              "DataType": "",
              "DownloadTime": 3219,
              "EventId": 215,
              "HttpStatus": 200,
              "Size": 0,
              "URL": "https://bzib.nelreports.net/api/report?cat=bingbusiness"
            }
          ],
          "SSLCipher": "",
          "SSLVersion": ""
        }
      ],
      "IncludeInScript": true
    },
    {
      "DomainName": "microsoft.com",
      "Domains": [
        {
          "HTTPVersion": "HTTP/1.1",
          "IP": "20.189.173.21",
          "IncludeInScript": false,
          "Name": "nw-umwatson.events.data.microsoft.com",
          "Port": 443,
          "Requests": [
            {
              "CompressionType": "",
              "DataType": "text/xml",
              "DownloadTime": 156,
              "EventId": 13,
              "HttpStatus": 200,
              "Size": 634,
              "URL": "https://nw-umwatson.events.data.microsoft.com/Telemetry.Request"
            }
          ],
          "SSLCipher": "ECDHE-RSA-AES256-GCM-SHA384",
          "SSLVersion": "TLS1.2"
        },
        {
          "HTTPVersion": "HTTP/1.1",
          "IP": "13.107.21.239",
          "IncludeInScript": false,
          "Name": "edge.microsoft.com",
          "Port": 443,
          "Requests": [
            {
              "CompressionType": "",
              "DataType": "text/plain",
              "DownloadTime": 218,
              "EventId": 382,
              "HttpStatus": 200,
              "Size": 136,
              "URL": "https://edge.microsoft.com/autofillservice/v1/pages/ChRDaHJvbWUvMTE0LjAuMTgyMy40MxJICYBKZBdv1XA_EgUN541ADhIFDc5BTHoSBQ14bxIZEgUNDxa-KxIFDYTmmOASBQ32cphZEgUNx3Y4UBIFDVrGPO0SBQ1yl1wv?alt=proto"
            },
            {
              "CompressionType": "gzip",
              "DataType": "application/json",
              "DownloadTime": 110,
              "EventId": 348,
              "HttpStatus": 200,
              "Size": 618,
              "URL": "https://edge.microsoft.com/componentupdater/api/v1/update?cup2key=6:8UG7enUGxMg7r3tGRwTX6u58oW8vRGF8aQL5-tTQv6c&cup2hreq=4d0e942f228970d2658fa189d5f5481d0a597590e302a0a485cbc80a6616b309"
            },
            {
              "CompressionType": "",
              "DataType": "text/plain",
              "DownloadTime": 109,
              "EventId": 306,
              "HttpStatus": 200,
              "Size": 64,
              "URL": "https://edge.microsoft.com/autofillservice/v1/pages/ChRDaHJvbWUvMTE0LjAuMTgyMy40MxIlCUci0YPRDWUuEgUN541ADhIFDc5BTHoSBQ14bxIZEgUNDxa-Kw==?alt=proto"
            },
            {
              "CompressionType": "gzip",
              "DataType": "application/octet-stream",
              "DownloadTime": 281,
              "EventId": 193,
              "HttpStatus": 200,
              "Size": 75,
              "URL": "https://edge.microsoft.com/sync/v1/feeds/me/syncEntities/command/?client=Chromium&client_id=vksHL0MNYCQL2Ybb9K434Q%3D%3D"
            },
            {
              "CompressionType": "gzip",
              "DataType": "application/octet-stream",
              "DownloadTime": 250,
              "EventId": 112,
              "HttpStatus": 200,
              "Size": 181,
              "URL": "https://edge.microsoft.com/sync/v1/feeds/me/syncEntities/command/?client=Chromium&client_id=vksHL0MNYCQL2Ybb9K434Q%3D%3D"
            },
            {
              "CompressionType": "",
              "DataType": "application/json",
              "DownloadTime": 219,
              "EventId": 109,
              "HttpStatus": 201,
              "Size": 867,
              "URL": "https://edge.microsoft.com/sync/v2/feeds/me/subscriptions"
            },
            {
              "CompressionType": "gzip",
              "DataType": "application/octet-stream",
              "DownloadTime": 312,
              "EventId": 99,
              "HttpStatus": 200,
              "Size": 85,
              "URL": "https://edge.microsoft.com/sync/v1/feeds/me/syncEntities/command/?client=Chromium&client_id=vksHL0MNYCQL2Ybb9K434Q%3D%3D"
            },
            {
              "CompressionType": "",
              "DataType": "application/json",
              "DownloadTime": 234,
              "EventId": 97,
              "HttpStatus": 201,
              "Size": 867,
              "URL": "https://edge.microsoft.com/sync/v2/feeds/me/subscriptions"
            },
            {
              "CompressionType": "",
              "DataType": "application/json",
              "DownloadTime": 140,
              "EventId": 85,
              "HttpStatus": 200,
              "Size": 116,
              "URL": "https://edge.microsoft.com/sync/v2/feeds/me/settings/homeCloud"
            },
            {
              "CompressionType": "",
              "DataType": "text/xml",
              "DownloadTime": 110,
              "EventId": 83,
              "HttpStatus": 200,
              "Size": 413,
              "URL": "https://edge.microsoft.com/extensionwebstorebase/v1/crx?os=win&arch=x64&os_arch=x86_64&nacl_arch=x86-64&prod=edgecrx&prodchannel=&prodversion=114.0.1823.43&lang=ru&acceptformat=crx3&x=id%3Djmjflgjpcpepeafmmgdpfkogkghcpiha%26v%3D1.1.3%26installedby%3Dother%26uc"
            },
            {
              "CompressionType": "",
              "DataType": "application/json",
              "DownloadTime": 125,
              "EventId": 81,
              "HttpStatus": 200,
              "Size": 1935,
              "URL": "https://edge.microsoft.com/identity/api/v3/msa"
            },
            {
              "CompressionType": "",
              "DataType": "application/json",
              "DownloadTime": 109,
              "EventId": 79,
              "HttpStatus": 200,
              "Size": 155,
              "URL": "https://edge.microsoft.com/serviceexperimentation/v2/"
            }
          ],
          "SSLCipher": "ECDHE-RSA-AES256-GCM-SHA384",
          "SSLVersion": "TLS1.2"
        },
        {
          "HTTPVersion": "HTTP/1.1",
          "IP": "13.107.6.158",
          "IncludeInScript": false,
          "Name": "edge-http.microsoft.com",
          "Port": 80,
          "Requests": [
            {
              "CompressionType": "",
              "DataType": "",
              "DownloadTime": 109,
              "EventId": 87,
              "HttpStatus": 204,
              "Size": 0,
              "URL": "http://edge-http.microsoft.com/captiveportal/generate_204"
            }
          ],
          "SSLCipher": "None",
          "SSLVersion": "None"
        }
      ],
      "IncludeInScript": true
    },
    {
      "DomainName": "googletagmanager.com",
      "Domains": [
        {
          "HTTPVersion": "HTTP/1.1",
          "IP": "64.233.161.97",
          "IncludeInScript": true,
          "Name": "www.googletagmanager.com",
          "Port": 443,
          "Requests": [
            {
              "CompressionType": "br",
              "DataType": "application/javascript",
              "DownloadTime": 47,
              "EventId": 118,
              "HttpStatus": 200,
              "Size": 84584,
              "URL": "https://www.googletagmanager.com/gtag/js?id=G-TBPYED8WSW"
            }
          ],
          "SSLCipher": "TLS_AES_256_GCM_SHA384",
          "SSLVersion": "TLS1.3"
        }
      ],
      "IncludeInScript": true
    },
    {
      "DomainName": "google-analytics.com",
      "Domains": [
        {
          "HTTPVersion": "HTTP/1.1",
          "IP": "173.194.222.139",
          "IncludeInScript": false,
          "Name": "www.google-analytics.com",
          "Port": 443,
          "Requests": [
            {
              "CompressionType": "",
              "DataType": "text/plain",
              "DownloadTime": 47,
              "EventId": 275,
              "HttpStatus": 200,
              "Size": 3,
              "URL": "https://www.google-analytics.com/j/collect?v=1&_v=j100&a=1659557397&t=pageview&_s=1&dl=https%3A%2F%2Fwww.advantageonlineshopping.com%2F&dp=%2F&ul=ru&de=UTF-8&dt=%C2%A0Advantage%20Shopping&sd=24-bit&sr=1536x864&vp=1536x746&je=0&_u=IADAAEABAAAAACAAI~&jid=1452720375&gjid=701193210&cid=1249856646.1686504162&tid=UA-81334227-1&_gid=206765600.1686504168&_r=1&_slc=1&z=810552576"
            },
            {
              "CompressionType": "",
              "DataType": "text/plain",
              "DownloadTime": 47,
              "EventId": 237,
              "HttpStatus": 204,
              "Size": 0,
              "URL": "https://www.google-analytics.com/g/collect?v=2&tid=G-TBPYED8WSW&gtm=45je3671&_p=1659557397&cid=1249856646.1686504162&ul=ru&sr=1536x864&uaa=x86&uab=64&uafvl=Not.A%252FBrand%3B8.0.0.0%7CChromium%3B114.0.5735.110%7CMicrosoft%2520Edge%3B114.0.1823.43&uamb=0&uam=&uap=Windows&uapv=15.0.0&uaw=0&_eu=AEA&ngs=1&_s=2&sid=1686504162&sct=1&seg=0&dl=https%3A%2F%2Fwww.advantageonlineshopping.com%2F&dt=%C2%A0Advantage%20Shopping&en=scroll&epn.percent_scrolled=90&_et=4"
            },
            {
              "CompressionType": "gzip",
              "DataType": "text/javascript",
              "DownloadTime": 32,
              "EventId": 233,
              "HttpStatus": 200,
              "Size": 20737,
              "URL": "https://www.google-analytics.com/analytics.js"
            },
            {
              "CompressionType": "",
              "DataType": "text/plain",
              "DownloadTime": 46,
              "EventId": 229,
              "HttpStatus": 204,
              "Size": 0,
              "URL": "https://www.google-analytics.com/g/collect?v=2&tid=G-TBPYED8WSW&gtm=45je3671&_p=1659557397&cid=1249856646.1686504162&ul=ru&sr=1536x864&uaa=x86&uab=64&uafvl=Not.A%252FBrand%3B8.0.0.0%7CChromium%3B114.0.5735.110%7CMicrosoft%2520Edge%3B114.0.1823.43&uamb=0&uam=&uap=Windows&uapv=15.0.0&uaw=0&ngs=1&_s=1&sid=1686504162&sct=1&seg=0&dl=https%3A%2F%2Fwww.advantageonlineshopping.com%2F&dt=%C2%A0Advantage%20Shopping&en=page_view&_fv=1&_nsi=1&_ss=1&_ee=1"
            }
          ],
          "SSLCipher": "TLS_AES_256_GCM_SHA384",
          "SSLVersion": "TLS1.3"
        }
      ],
      "IncludeInScript": true
    },
    {
      "DomainName": "bing.com",
      "Domains": [
        {
          "HTTPVersion": "HTTP/1.1",
          "IP": "23.201.43.185",
          "IncludeInScript": false,
          "Name": "www.bing.com",
          "Port": 443,
          "Requests": [
            {
              "CompressionType": "",
              "DataType": "application/json",
              "DownloadTime": 62,
              "EventId": 303,
              "HttpStatus": 200,
              "Size": 453883,
              "URL": "https://www.bing.com/bloomfilterfiles/DomainsFilterGlobal.json"
            },
            {
              "CompressionType": "br",
              "DataType": "text/html",
              "DownloadTime": 125,
              "EventId": 94,
              "HttpStatus": 200,
              "Size": 20,
              "URL": "https://www.bing.com/fd/auth/signin?&action=header&provider=windows_live_id&save_token=0"
            },
            {
              "CompressionType": "",
              "DataType": "application/json",
              "DownloadTime": 109,
              "EventId": 75,
              "HttpStatus": 200,
              "Size": 81,
              "URL": "https://www.bing.com/api/shopping/v1/savings/rewards/rewardsUserInfo"
            },
            {
              "CompressionType": "",
              "DataType": "application/json",
              "DownloadTime": 109,
              "EventId": 73,
              "HttpStatus": 200,
              "Size": 81,
              "URL": "https://www.bing.com/api/shopping/v1/savings/rewards/rewardsUserInfo"
            }
          ],
          "SSLCipher": "TLS_AES_256_GCM_SHA384",
          "SSLVersion": "TLS1.3"
        },
        {
          "HTTPVersion": "HTTP/1.1",
          "IP": "13.107.6.158",
          "IncludeInScript": false,
          "Name": "business.bing.com",
          "Port": 443,
          "Requests": [
            {
              "CompressionType": "",
              "DataType": "",
              "DownloadTime": 109,
              "EventId": 485,
              "HttpStatus": 401,
              "Size": 0,
              "URL": "https://business.bing.com/api/v1/user/token/microsoftgraph?&clienttype=edge-omnibox"
            },
            {
              "CompressionType": "br",
              "DataType": "application/json",
              "DownloadTime": 109,
              "EventId": 482,
              "HttpStatus": 401,
              "Size": 383,
              "URL": "https://business.bing.com/work/api/v2/tenant/my/settingswithflights?&clienttype=edge-omnibox"
            }
          ],
          "SSLCipher": "",
          "SSLVersion": ""
        }
      ],
      "IncludeInScript": true
    },
    {
      "DomainName": "advantageonlineshopping.com",
      "Domains": [
        {
          "HTTPVersion": "HTTP/1.1",
          "IP": "54.227.55.203",
          "IncludeInScript": true,
          "Name": "www.advantageonlineshopping.com",
          "Port": 443,
          "Requests": [
            {
              "CompressionType": "",
              "DataType": "text/xml",
              "DownloadTime": 235,
              "EventId": 506,
              "HttpStatus": 200,
              "Size": 402,
              "URL": "https://www.advantageonlineshopping.com/accountservice/ws/AccountLogoutRequest"
            },
            {
              "CompressionType": "gzip",
              "DataType": "application/json",
              "DownloadTime": 234,
              "EventId": 495,
              "HttpStatus": 200,
              "Size": 111,
              "URL": "https://www.advantageonlineshopping.com/order/api/v1/carts/318719319"
            },
            {
              "CompressionType": "",
              "DataType": "text/xml",
              "DownloadTime": 375,
              "EventId": 493,
              "HttpStatus": 200,
              "Size": 788,
              "URL": "https://www.advantageonlineshopping.com/accountservice/ws/AccountLoginRequest"
            },
            {
              "CompressionType": "",
              "DataType": "text/xml",
              "DownloadTime": 453,
              "EventId": 476,
              "HttpStatus": 200,
              "Size": 409,
              "URL": "https://www.advantageonlineshopping.com/accountservice/ws/AccountLoginRequest"
            },
            {
              "CompressionType": "",
              "DataType": "image/png",
              "DownloadTime": 172,
              "EventId": 473,
              "HttpStatus": 200,
              "Size": 1029,
              "URL": "https://www.advantageonlineshopping.com/css/images/FacebookLogo.png"
            },
            {
              "CompressionType": "",
              "DataType": "image/jpeg",
              "DownloadTime": 344,
              "EventId": 437,
              "HttpStatus": 200,
              "Size": 42737,
              "URL": "https://www.advantageonlineshopping.com/css/images/Popular-item1.jpg"
            },
            {
              "CompressionType": "",
              "DataType": "image/jpeg",
              "DownloadTime": 360,
              "EventId": 430,
              "HttpStatus": 200,
              "Size": 68456,
              "URL": "https://www.advantageonlineshopping.com/css/images/Banner3.jpg"
            },
            {
              "CompressionType": "",
              "DataType": "image/jpeg",
              "DownloadTime": 360,
              "EventId": 428,
              "HttpStatus": 200,
              "Size": 25978,
              "URL": "https://www.advantageonlineshopping.com/css/images/Popular-item3.jpg"
            },
            {
              "CompressionType": "",
              "DataType": "image/jpeg",
              "DownloadTime": 344,
              "EventId": 425,
              "HttpStatus": 200,
              "Size": 28087,
              "URL": "https://www.advantageonlineshopping.com/css/images/Popular-item2.jpg"
            },
            {
              "CompressionType": "",
              "DataType": "image/jpeg",
              "DownloadTime": 313,
              "EventId": 423,
              "HttpStatus": 200,
              "Size": 85091,
              "URL": "https://www.advantageonlineshopping.com/css/images/Banner2.jpg"
            },
            {
              "CompressionType": "",
              "DataType": "image/jpeg",
              "DownloadTime": 157,
              "EventId": 418,
              "HttpStatus": 200,
              "Size": 496378,
              "URL": "https://www.advantageonlineshopping.com/css/images/Banner1.jpg"
            },
            {
              "CompressionType": "",
              "DataType": "image/png",
              "DownloadTime": 157,
              "EventId": 416,
              "HttpStatus": 200,
              "Size": 1707,
              "URL": "https://www.advantageonlineshopping.com/css/images/linkedin.png"
            },
            {
              "CompressionType": "",
              "DataType": "image/png",
              "DownloadTime": 188,
              "EventId": 411,
              "HttpStatus": 200,
              "Size": 2114,
              "URL": "https://www.advantageonlineshopping.com/css/images/GoUp.png"
            },
            {
              "CompressionType": "",
              "DataType": "image/png",
              "DownloadTime": 188,
              "EventId": 408,
              "HttpStatus": 200,
              "Size": 1583,
              "URL": "https://www.advantageonlineshopping.com/css/images/facebook.png"
            },
            {
              "CompressionType": "",
              "DataType": "image/png",
              "DownloadTime": 156,
              "EventId": 406,
              "HttpStatus": 200,
              "Size": 2064,
              "URL": "https://www.advantageonlineshopping.com/css/images/twitter.png"
            },
            {
              "CompressionType": "",
              "DataType": "image/png",
              "DownloadTime": 172,
              "EventId": 404,
              "HttpStatus": 200,
              "Size": 3003,
              "URL": "https://www.advantageonlineshopping.com/css/images/chat_logo.png"
            },
            {
              "CompressionType": "",
              "DataType": "image/jpeg",
              "DownloadTime": 172,
              "EventId": 402,
              "HttpStatus": 200,
              "Size": 80826,
              "URL": "https://www.advantageonlineshopping.com/css/images/Special-offer.jpg"
            },
            {
              "CompressionType": "",
              "DataType": "font/woff",
              "DownloadTime": 156,
              "EventId": 399,
              "HttpStatus": 200,
              "Size": 24944,
              "URL": "https://www.advantageonlineshopping.com/css/fonts/roboto_thin_macroman/Roboto-Thin-webfont.woff"
            },
            {
              "CompressionType": "",
              "DataType": "image/png",
              "DownloadTime": 454,
              "EventId": 368,
              "HttpStatus": 200,
              "Size": 91647,
              "URL": "https://www.advantageonlineshopping.com/catalog/fetchImage?image_id=mice"
            },
            {
              "CompressionType": "",
              "DataType": "image/png",
              "DownloadTime": 469,
              "EventId": 366,
              "HttpStatus": 200,
              "Size": 228775,
              "URL": "https://www.advantageonlineshopping.com/catalog/fetchImage?image_id=speakers"
            },
            {
              "CompressionType": "",
              "DataType": "font/woff",
              "DownloadTime": 313,
              "EventId": 364,
              "HttpStatus": 200,
              "Size": 24808,
              "URL": "https://www.advantageonlineshopping.com/css/fonts/roboto_bold_macroman/Roboto-Bold-webfont.woff"
            },
            {
              "CompressionType": "",
              "DataType": "image/jpeg",
              "DownloadTime": 359,
              "EventId": 362,
              "HttpStatus": 200,
              "Size": 47798,
              "URL": "https://www.advantageonlineshopping.com/catalog/fetchImage?image_id=laptops"
            },
            {
              "CompressionType": "",
              "DataType": "image/jpeg",
              "DownloadTime": 359,
              "EventId": 360,
              "HttpStatus": 200,
              "Size": 63833,
              "URL": "https://www.advantageonlineshopping.com/catalog/fetchImage?image_id=tablets"
            },
            {
              "CompressionType": "",
              "DataType": "image/jpeg",
              "DownloadTime": 329,
              "EventId": 358,
              "HttpStatus": 200,
              "Size": 60070,
              "URL": "https://www.advantageonlineshopping.com/catalog/fetchImage?image_id=headphones"
            },
            {
              "CompressionType": "",
              "DataType": "image/png",
              "DownloadTime": 171,
              "EventId": 356,
              "HttpStatus": 200,
              "Size": 996,
              "URL": "https://www.advantageonlineshopping.com/css/images/arrow_right.png"
            },
            {
              "CompressionType": "gzip",
              "DataType": "text/html",
              "DownloadTime": 156,
              "EventId": 354,
              "HttpStatus": 200,
              "Size": 2243,
              "URL": "https://www.advantageonlineshopping.com/app/views/home-page.html"
            },
            {
              "CompressionType": "gzip",
              "DataType": "application/json",
              "DownloadTime": 157,
              "EventId": 352,
              "HttpStatus": 200,
              "Size": 500,
              "URL": "https://www.advantageonlineshopping.com/app/tempFiles/popularProducts.json"
            },
            {
              "CompressionType": "gzip",
              "DataType": "application/json",
              "DownloadTime": 297,
              "EventId": 350,
              "HttpStatus": 200,
              "Size": 351,
              "URL": "https://www.advantageonlineshopping.com/catalog/api/v1/deals/search?dealOfTheDay=true"
            },
            {
              "CompressionType": "gzip",
              "DataType": "application/json",
              "DownloadTime": 500,
              "EventId": 336,
              "HttpStatus": 200,
              "Size": 4530,
              "URL": "https://www.advantageonlineshopping.com/catalog/api/v1/categories"
            },
            {
              "CompressionType": "",
              "DataType": "text/xml",
              "DownloadTime": 375,
              "EventId": 287,
              "HttpStatus": 200,
              "Size": 823,
              "URL": "https://www.advantageonlineshopping.com/accountservice/ws/GetAccountConfigurationRequest"
            },
            {
              "CompressionType": "",
              "DataType": "font/woff",
              "DownloadTime": 312,
              "EventId": 284,
              "HttpStatus": 200,
              "Size": 24576,
              "URL": "https://www.advantageonlineshopping.com/css/fonts/roboto_light_macroman/Roboto-Light-webfont.woff"
            },
            {
              "CompressionType": "",
              "DataType": "image/x-icon",
              "DownloadTime": 266,
              "EventId": 282,
              "HttpStatus": 200,
              "Size": 1150,
              "URL": "https://www.advantageonlineshopping.com/css/images/favicon.ico"
            },
            {
              "CompressionType": "",
              "DataType": "font/woff",
              "DownloadTime": 328,
              "EventId": 279,
              "HttpStatus": 200,
              "Size": 25020,
              "URL": "https://www.advantageonlineshopping.com/css/fonts/roboto_regular_macroman/Roboto-Regular-webfont.woff"
            },
            {
              "CompressionType": "",
              "DataType": "font/woff",
              "DownloadTime": 313,
              "EventId": 265,
              "HttpStatus": 200,
              "Size": 25048,
              "URL": "https://www.advantageonlineshopping.com/css/fonts/roboto_medium_macroman/Roboto-Medium-webfont.woff"
            },
            {
              "CompressionType": "gzip",
              "DataType": "application/json",
              "DownloadTime": 187,
              "EventId": 263,
              "HttpStatus": 200,
              "Size": 6541,
              "URL": "https://www.advantageonlineshopping.com/catalog/api/v1/DemoAppConfig/parameters/by_tool/ALL"
            },
            {
              "CompressionType": "",
              "DataType": "image/png",
              "DownloadTime": 156,
              "EventId": 259,
              "HttpStatus": 200,
              "Size": 1098,
              "URL": "https://www.advantageonlineshopping.com/css/images/closeDark.png"
            },
            {
              "CompressionType": "",
              "DataType": "image/png",
              "DownloadTime": 156,
              "EventId": 257,
              "HttpStatus": 200,
              "Size": 2645,
              "URL": "https://www.advantageonlineshopping.com/css/images/logo.png"
            },
            {
              "CompressionType": "",
              "DataType": "",
              "DownloadTime": 157,
              "EventId": 254,
              "HttpStatus": 200,
              "Size": 1010,
              "URL": "https://www.advantageonlineshopping.com/services.properties"
            },
            {
              "CompressionType": "gzip",
              "DataType": "application/javascript",
              "DownloadTime": 313,
              "EventId": 197,
              "HttpStatus": 200,
              "Size": 268667,
              "URL": "https://www.advantageonlineshopping.com/main.min.js"
            },
            {
              "CompressionType": "",
              "DataType": "image/svg+xml",
              "DownloadTime": 171,
              "EventId": 188,
              "HttpStatus": 200,
              "Size": 795,
              "URL": "https://www.advantageonlineshopping.com/css/images/Down_arrow.svg"
            },
            {
              "CompressionType": "gzip",
              "DataType": "application/javascript",
              "DownloadTime": 188,
              "EventId": 177,
              "HttpStatus": 200,
              "Size": 20995,
              "URL": "https://www.advantageonlineshopping.com/vendor/requirejs/require.js"
            },
            {
              "CompressionType": "gzip",
              "DataType": "text/css",
              "DownloadTime": 328,
              "EventId": 106,
              "HttpStatus": 200,
              "Size": 30101,
              "URL": "https://www.advantageonlineshopping.com/css/main.min.css"
            },
            {
              "CompressionType": "gzip",
              "DataType": "text/html",
              "DownloadTime": 156,
              "EventId": 91,
              "HttpStatus": 200,
              "Size": 2909,
              "URL": "https://www.advantageonlineshopping.com/"
            }
          ],
          "SSLCipher": "TLS_AES_256_GCM_SHA384",
          "SSLVersion": "TLS1.3"
        }
      ],
      "IncludeInScript": true
    }
  ],
  "WebSocket": {
    "IncludeInScript": false,
    "IsScriptIncludeWebSocket": false
  },
  "NumberOfCorrelations": 0
}