<SOAP-ENV:Envelope xmlns:SOAP-ENV="http://schemas.xmlsoap.org/soap/envelope/"><SOAP-ENV:Header/><SOAP-ENV:Body><ns2:AccountLoginResponse xmlns:ns2="com.advantage.online.store.accountservice"><ns2:StatusMessage><ns2:success>true</ns2:success><ns2:userId>318719319</ns2:userId><ns2:reason>Login Successful</ns2:reason><ns2:token>eyJ0eXAiOiJKV1QiLCJhbGciOiJIUzI1NiJ9.eyJpc3MiOiJ3d3cuYWR2YW50YWdlb25saW5lc2hvcHBpbmcuY29tIiwidXNlcklkIjozMTg3MTkzMTksInN1YiI6InJ1c3RhbSIsInJvbGUiOiJVU0VSIn0.LfCuf4lmSsRvK_w6A5mxNsKrcwBVj_1wYi-YUNHqJG4</ns2:token><ns2:sessionId>188ba81911f@7E76EF1735^i%318719319</ns2:sessionId><ns2:t_authorization>cnVzdGFtOlJ1c3RhbTE=</ns2:t_authorization><ns2:accountType>20</ns2:accountType></ns2:StatusMessage></ns2:AccountLoginResponse></SOAP-ENV:Body></SOAP-ENV:Envelope>