{
  "FilterHeaders": [
    {
      "Header": "x-requested-with",
      "IncludeInScript": true
    },
    {
      "Header": "user-agent",
      "IncludeInScript": false
    },
    {
      "Header": "upgrade-insecure-requests",
      "IncludeInScript": true
    },
    {
      "Header": "soapaction",
      "IncludeInScript": true
    },
    {
      "Header": "sec-fetch-user",
      "IncludeInScript": true
    },
    {
      "Header": "sec-fetch-site",
      "IncludeInScript": true
    },
    {
      "Header": "sec-fetch-mode",
      "IncludeInScript": true
    },
    {
      "Header": "sec-fetch-dest",
      "IncludeInScript": true
    },
    {
      "Header": "sec-ch-ua-platform",
      "IncludeInScript": true
    },
    {
      "Header": "sec-ch-ua-mobile",
      "IncludeInScript": true
    },
    {
      "Header": "sec-ch-ua",
      "IncludeInScript": true
    },
    {
      "Header": "origin",
      "IncludeInScript": true
    },
    {
      "Header": "authorization",
      "IncludeInScript": true
    },
    {
      "Header": "access-control-request-method",
      "IncludeInScript": true
    },
    {
      "Header": "access-control-request-headers",
      "IncludeInScript": true
    },
    {
      "Header": "accept-language",
      "IncludeInScript": false
    },
    {
      "Header": "accept-encoding",
      "IncludeInScript": false
    },
    {
      "Header": "accept",
      "IncludeInScript": false
    }
  ],
  "FilterResources": [
    {
      "IsNonResource": true,
      "type": "text/xml"
    },
    {
      "IsNonResource": false,
      "type": "text/plain"
    },
    {
      "IsNonResource": true,
      "type": "text/html"
    },
    {
      "IsNonResource": false,
      "type": "text/css"
    },
    {
      "IsNonResource": false,
      "type": "image/x-icon"
    },
    {
      "IsNonResource": false,
      "type": "image/svg+xml"
    },
    {
      "IsNonResource": false,
      "type": "image/png"
    },
    {
      "IsNonResource": false,
      "type": "image/jpeg"
    },
    {
      "IsNonResource": false,
      "type": "font/woff"
    },
    {
      "IsNonResource": true,
      "type": "application/json"
    },
    {
      "IsNonResource": false,
      "type": "application/javascript"
    }
  ],
  "GeneralInfo": {
    "BrowserVersion": "",
    "IsWinInetMode": false,
    "MaxUsedConnections": 12,
    "RecordedBrowser": "c:\\program files (x86)\\microsoft\\edge\\application\\msedge.exe",
    "RecordingDate": "РёСЋРЅ-14-2023",
    "RecordingDuration": 163453,
    "RecordingMode": "N/A",
    "RecordingTimeStamp": 1686756146,
    "RecordingType": "Application",
    "TotalBytesReceived": 2460977,
    "TotalBytesSent": 56165,
    "TotalRequests": 70,
    "UserAgent": "Crashpad/0.8.0 WinHTTP/10.0.22621.1635 Windows_NT/10.0.22621.1635 (x64)"
  },
  "HostInfo": [
    {
      "DomainName": "office.com",
      "Domains": [
        {
          "HTTPVersion": "HTTP/1.1",
          "IP": "40.99.149.98",
          "IncludeInScript": false,
          "Name": "substrate.office.com",
          "Port": 443,
          "Requests": [
            {
              "CompressionType": "",
              "DataType": "application/json",
              "DownloadTime": 171,
              "EventId": 259,
              "HttpStatus": 200,
              "Size": 4107,
              "URL": "https://substrate.office.com/profileb2/v2.0/me/V1Profile"
            },
            {
              "CompressionType": "",
              "DataType": "application/json",
              "DownloadTime": 172,
              "EventId": 122,
              "HttpStatus": 200,
              "Size": 4106,
              "URL": "https://substrate.office.com/profileb2/v2.0/me/V1Profile"
            }
          ],
          "SSLCipher": "TLS_AES_256_GCM_SHA384",
          "SSLVersion": "TLS1.3"
        }
      ],
      "IncludeInScript": true
    },
    {
      "DomainName": "nelreports.net",
      "Domains": [
        {
          "HTTPVersion": "HTTP/1.1",
          "IP": "2.19.205.99",
          "IncludeInScript": true,
          "Name": "bzib.nelreports.net",
          "Port": 443,
          "Requests": [
            {
              "CompressionType": "gzip",
              "DataType": "text/plain",
              "DownloadTime": 344,
              "EventId": 621,
              "HttpStatus": 200,
              "Size": 137,
              "URL": "https://bzib.nelreports.net/api/report?cat=bingbusiness"
            },
            {
              "CompressionType": "",
              "DataType": "",
              "DownloadTime": 219,
              "EventId": 619,
              "HttpStatus": 200,
              "Size": 0,
              "URL": "https://bzib.nelreports.net/api/report?cat=bingbusiness"
            },
            {
              "CompressionType": "",
              "DataType": "text/plain",
              "DownloadTime": 328,
              "EventId": 506,
              "HttpStatus": 200,
              "Size": 21,
              "URL": "https://bzib.nelreports.net/api/report?cat=bingbusiness"
            },
            {
              "CompressionType": "",
              "DataType": "",
              "DownloadTime": 328,
              "EventId": 504,
              "HttpStatus": 200,
              "Size": 0,
              "URL": "https://bzib.nelreports.net/api/report?cat=bingbusiness"
            }
          ],
          "SSLCipher": "TLS_AES_256_GCM_SHA384",
          "SSLVersion": "TLS1.3"
        }
      ],
      "IncludeInScript": true
    },
    {
      "DomainName": "microsoft.com",
      "Domains": [
        {
          "HTTPVersion": "HTTP/1.1",
          "IP": "52.182.143.212",
          "IncludeInScript": false,
          "Name": "nw-umwatson.events.data.microsoft.com",
          "Port": 443,
          "Requests": [
            {
              "CompressionType": "",
              "DataType": "text/xml",
              "DownloadTime": 203,
              "EventId": 13,
              "HttpStatus": 200,
              "Size": 634,
              "URL": "https://nw-umwatson.events.data.microsoft.com/Telemetry.Request"
            }
          ],
          "SSLCipher": "ECDHE-RSA-AES256-GCM-SHA384",
          "SSLVersion": "TLS1.2"
        },
        {
          "HTTPVersion": "HTTP/1.1",
          "IP": "13.107.21.239",
          "IncludeInScript": false,
          "Name": "edge.microsoft.com",
          "Port": 443,
          "Requests": [
            {
              "CompressionType": "",
              "DataType": "application/json",
              "DownloadTime": 78,
              "EventId": 518,
              "HttpStatus": 200,
              "Size": 89,
              "URL": "https://edge.microsoft.com/extensiondiagnostic/v1/activitystatus?x=id%3Djmjflgjpcpepeafmmgdpfkogkghcpiha%26v%3D1.1.3"
            },
            {
              "CompressionType": "gzip",
              "DataType": "application/json",
              "DownloadTime": 125,
              "EventId": 482,
              "HttpStatus": 200,
              "Size": 180,
              "URL": "https://edge.microsoft.com/componentupdater/api/v1/update"
            },
            {
              "CompressionType": "gzip",
              "DataType": "application/x-protobuf",
              "DownloadTime": 156,
              "EventId": 478,
              "HttpStatus": 200,
              "Size": 49,
              "URL": "https://edge.microsoft.com/extensionrevocation/v1/threatListUpdates:fetch?req=ChcKBm1zZWRnZRINMTE0LjAuMTgyMy40MxobCAEQCBoNMTY3NjAwODE4NDc3MSIEIAEgAigEIgIIAQ==&ct=application/x-protobuf&key=d414dd4f9db345fa8003e32adc81b362&ei=N"
            },
            {
              "CompressionType": "gzip",
              "DataType": "application/json",
              "DownloadTime": 406,
              "EventId": 464,
              "HttpStatus": 200,
              "Size": 1226,
              "URL": "https://edge.microsoft.com/componentupdater/api/v1/update?cup2key=6:zaMm0eEQKZeEukySg70logr8c2b9X2pEakP-DeYVSB0&cup2hreq=91fe19f114e19311e536cad72264a2a2745e68dfa66d222b3acf3d5bb1c9f8a5"
            },
            {
              "CompressionType": "",
              "DataType": "text/plain",
              "DownloadTime": 234,
              "EventId": 371,
              "HttpStatus": 200,
              "Size": 136,
              "URL": "https://edge.microsoft.com/autofillservice/v1/pages/ChRDaHJvbWUvMTE0LjAuMTgyMy40MxJICYBKZBdv1XA_EgUN541ADhIFDc5BTHoSBQ14bxIZEgUNDxa-KxIFDYTmmOASBQ32cphZEgUNx3Y4UBIFDVrGPO0SBQ1yl1wv?alt=proto"
            },
            {
              "CompressionType": "",
              "DataType": "",
              "DownloadTime": 109,
              "EventId": 257,
              "HttpStatus": 429,
              "Size": 0,
              "URL": "https://edge.microsoft.com/autofillservice/v1/pages/ChRDaHJvbWUvMTE0LjAuMTgyMy40MxIlCUci0YPRDWUuEgUN541ADhIFDc5BTHoSBQ14bxIZEgUNDxa-Kw==?alt=proto"
            },
            {
              "CompressionType": "gzip",
              "DataType": "application/octet-stream",
              "DownloadTime": 312,
              "EventId": 190,
              "HttpStatus": 200,
              "Size": 75,
              "URL": "https://edge.microsoft.com/sync/v1/feeds/me/syncEntities/command/?client=Chromium&client_id=vksHL0MNYCQL2Ybb9K434Q%3D%3D"
            },
            {
              "CompressionType": "",
              "DataType": "application/json",
              "DownloadTime": 266,
              "EventId": 150,
              "HttpStatus": 201,
              "Size": 867,
              "URL": "https://edge.microsoft.com/sync/v2/feeds/me/subscriptions"
            },
            {
              "CompressionType": "gzip",
              "DataType": "application/octet-stream",
              "DownloadTime": 250,
              "EventId": 148,
              "HttpStatus": 200,
              "Size": 181,
              "URL": "https://edge.microsoft.com/sync/v1/feeds/me/syncEntities/command/?client=Chromium&client_id=vksHL0MNYCQL2Ybb9K434Q%3D%3D"
            },
            {
              "CompressionType": "",
              "DataType": "application/json",
              "DownloadTime": 703,
              "EventId": 76,
              "HttpStatus": 201,
              "Size": 867,
              "URL": "https://edge.microsoft.com/sync/v2/feeds/me/subscriptions"
            },
            {
              "CompressionType": "gzip",
              "DataType": "application/octet-stream",
              "DownloadTime": 782,
              "EventId": 72,
              "HttpStatus": 200,
              "Size": 85,
              "URL": "https://edge.microsoft.com/sync/v1/feeds/me/syncEntities/command/?client=Chromium&client_id=vksHL0MNYCQL2Ybb9K434Q%3D%3D"
            },
            {
              "CompressionType": "",
              "DataType": "text/xml",
              "DownloadTime": 94,
              "EventId": 64,
              "HttpStatus": 200,
              "Size": 413,
              "URL": "https://edge.microsoft.com/extensionwebstorebase/v1/crx?os=win&arch=x64&os_arch=x86_64&nacl_arch=x86-64&prod=edgecrx&prodchannel=&prodversion=114.0.1823.43&lang=ru&acceptformat=crx3&x=id%3Djmjflgjpcpepeafmmgdpfkogkghcpiha%26v%3D1.1.3%26installedby%3Dother%26uc"
            },
            {
              "CompressionType": "",
              "DataType": "application/json",
              "DownloadTime": 172,
              "EventId": 61,
              "HttpStatus": 200,
              "Size": 116,
              "URL": "https://edge.microsoft.com/sync/v2/feeds/me/settings/homeCloud"
            },
            {
              "CompressionType": "",
              "DataType": "application/json",
              "DownloadTime": 141,
              "EventId": 57,
              "HttpStatus": 200,
              "Size": 1935,
              "URL": "https://edge.microsoft.com/identity/api/v3/msa"
            },
            {
              "CompressionType": "",
              "DataType": "application/json",
              "DownloadTime": 93,
              "EventId": 53,
              "HttpStatus": 200,
              "Size": 169,
              "URL": "https://edge.microsoft.com/serviceexperimentation/v2/"
            }
          ],
          "SSLCipher": "ECDHE-RSA-AES256-GCM-SHA384",
          "SSLVersion": "TLS1.2"
        },
        {
          "HTTPVersion": "HTTP/1.1",
          "IP": "13.107.6.158",
          "IncludeInScript": false,
          "Name": "edge-http.microsoft.com",
          "Port": 80,
          "Requests": [
            {
              "CompressionType": "",
              "DataType": "",
              "DownloadTime": 141,
              "EventId": 59,
              "HttpStatus": 204,
              "Size": 0,
              "URL": "http://edge-http.microsoft.com/captiveportal/generate_204"
            }
          ],
          "SSLCipher": "None",
          "SSLVersion": "None"
        }
      ],
      "IncludeInScript": true
    },
    {
      "DomainName": "googletagmanager.com",
      "Domains": [
        {
          "HTTPVersion": "HTTP/1.1",
          "IP": "64.233.161.97",
          "IncludeInScript": true,
          "Name": "www.googletagmanager.com",
          "Port": 443,
          "Requests": [
            {
              "CompressionType": "br",
              "DataType": "application/javascript",
              "DownloadTime": 47,
              "EventId": 101,
              "HttpStatus": 200,
              "Size": 86396,
              "URL": "https://www.googletagmanager.com/gtag/js?id=G-TBPYED8WSW"
            }
          ],
          "SSLCipher": "TLS_AES_256_GCM_SHA384",
          "SSLVersion": "TLS1.3"
        }
      ],
      "IncludeInScript": true
    },
    {
      "DomainName": "google-analytics.com",
      "Domains": [
        {
          "HTTPVersion": "HTTP/1.1",
          "IP": "108.177.14.101",
          "IncludeInScript": false,
          "Name": "www.google-analytics.com",
          "Port": 443,
          "Requests": [
            {
              "CompressionType": "",
              "DataType": "text/plain",
              "DownloadTime": 234,
              "EventId": 334,
              "HttpStatus": 200,
              "Size": 3,
              "URL": "https://www.google-analytics.com/j/collect?v=1&_v=j101&a=976803069&t=pageview&_s=1&dl=https%3A%2F%2Fwww.advantageonlineshopping.com%2F&dp=%2F&ul=ru&de=UTF-8&dt=%C2%A0Advantage%20Shopping&sd=24-bit&sr=1536x864&vp=1536x746&je=0&_u=IADAAEABAAAAACAAI~&jid=1892147097&gjid=1694602672&cid=1124727625.1686756196&tid=UA-81334227-1&_gid=1125764662.1686756205&_r=1&_slc=1&z=1204566480"
            },
            {
              "CompressionType": "",
              "DataType": "text/plain",
              "DownloadTime": 204,
              "EventId": 291,
              "HttpStatus": 204,
              "Size": 0,
              "URL": "https://www.google-analytics.com/g/collect?v=2&tid=G-TBPYED8WSW&gtm=45je36c0&_p=976803069&cid=1124727625.1686756196&ul=ru&sr=1536x864&uaa=x86&uab=64&uafvl=Not.A%252FBrand%3B8.0.0.0%7CChromium%3B114.0.5735.110%7CMicrosoft%2520Edge%3B114.0.1823.43&uamb=0&uam=&uap=Windows&uapv=15.0.0&uaw=0&_eu=AEA&ngs=1&_s=2&sid=1686756195&sct=1&seg=0&dl=https%3A%2F%2Fwww.advantageonlineshopping.com%2F&dt=%C2%A0Advantage%20Shopping&en=scroll&epn.percent_scrolled=90&_et=6"
            },
            {
              "CompressionType": "",
              "DataType": "text/plain",
              "DownloadTime": 234,
              "EventId": 272,
              "HttpStatus": 204,
              "Size": 0,
              "URL": "https://www.google-analytics.com/g/collect?v=2&tid=G-TBPYED8WSW&gtm=45je36c0&_p=976803069&cid=1124727625.1686756196&ul=ru&sr=1536x864&uaa=x86&uab=64&uafvl=Not.A%252FBrand%3B8.0.0.0%7CChromium%3B114.0.5735.110%7CMicrosoft%2520Edge%3B114.0.1823.43&uamb=0&uam=&uap=Windows&uapv=15.0.0&uaw=0&ngs=1&_s=1&sid=1686756195&sct=1&seg=0&dl=https%3A%2F%2Fwww.advantageonlineshopping.com%2F&dt=%C2%A0Advantage%20Shopping&en=page_view&_fv=1&_nsi=1&_ss=1&_ee=1"
            },
            {
              "CompressionType": "gzip",
              "DataType": "text/javascript",
              "DownloadTime": 250,
              "EventId": 270,
              "HttpStatus": 200,
              "Size": 20994,
              "URL": "https://www.google-analytics.com/analytics.js"
            }
          ],
          "SSLCipher": "",
          "SSLVersion": ""
        }
      ],
      "IncludeInScript": true
    },
    {
      "DomainName": "bing.com",
      "Domains": [
        {
          "HTTPVersion": "HTTP/1.1",
          "IP": "62.115.252.35",
          "IncludeInScript": false,
          "Name": "www.bing.com",
          "Port": 443,
          "Requests": [
            {
              "CompressionType": "",
              "DataType": "application/json",
              "DownloadTime": 360,
              "EventId": 285,
              "HttpStatus": 200,
              "Size": 453887,
              "URL": "https://www.bing.com/bloomfilterfiles/DomainsFilterGlobal.json"
            },
            {
              "CompressionType": "",
              "DataType": "application/json",
              "DownloadTime": 359,
              "EventId": 93,
              "HttpStatus": 200,
              "Size": 81,
              "URL": "https://www.bing.com/api/shopping/v1/savings/rewards/rewardsUserInfo"
            },
            {
              "CompressionType": "br",
              "DataType": "text/html",
              "DownloadTime": 328,
              "EventId": 91,
              "HttpStatus": 200,
              "Size": 20,
              "URL": "https://www.bing.com/fd/auth/signin?&action=header&provider=windows_live_id&save_token=0"
            },
            {
              "CompressionType": "",
              "DataType": "application/json",
              "DownloadTime": 766,
              "EventId": 74,
              "HttpStatus": 200,
              "Size": 81,
              "URL": "https://www.bing.com/api/shopping/v1/savings/rewards/rewardsUserInfo"
            }
          ],
          "SSLCipher": "",
          "SSLVersion": ""
        },
        {
          "HTTPVersion": "HTTP/1.1",
          "IP": "13.107.6.158",
          "IncludeInScript": false,
          "Name": "business.bing.com",
          "Port": 443,
          "Requests": [
            {
              "CompressionType": "",
              "DataType": "",
              "DownloadTime": 265,
              "EventId": 497,
              "HttpStatus": 401,
              "Size": 0,
              "URL": "https://business.bing.com/api/v1/user/token/microsoftgraph?&clienttype=edge-omnibox"
            },
            {
              "CompressionType": "br",
              "DataType": "application/json",
              "DownloadTime": 250,
              "EventId": 492,
              "HttpStatus": 401,
              "Size": 380,
              "URL": "https://business.bing.com/work/api/v2/tenant/my/settingswithflights?&clienttype=edge-omnibox"
            }
          ],
          "SSLCipher": "ECDHE-RSA-AES256-GCM-SHA384",
          "SSLVersion": "TLS1.2"
        }
      ],
      "IncludeInScript": true
    },
    {
      "DomainName": "advantageonlineshopping.com",
      "Domains": [
        {
          "HTTPVersion": "HTTP/1.1",
          "IP": "54.227.55.203",
          "IncludeInScript": true,
          "Name": "www.advantageonlineshopping.com",
          "Port": 443,
          "Requests": [
            {
              "CompressionType": "",
              "DataType": "text/xml",
              "DownloadTime": 657,
              "EventId": 617,
              "HttpStatus": 200,
              "Size": 402,
              "URL": "https://www.advantageonlineshopping.com/accountservice/ws/AccountLogoutRequest"
            },
            {
              "CompressionType": "",
              "DataType": "image/png",
              "DownloadTime": 296,
              "EventId": 613,
              "HttpStatus": 200,
              "Size": 1087,
              "URL": "https://www.advantageonlineshopping.com/css/images/review_Left_disabled.png"
            },
            {
              "CompressionType": "",
              "DataType": "image/png",
              "DownloadTime": 250,
              "EventId": 610,
              "HttpStatus": 200,
              "Size": 1542,
              "URL": "https://www.advantageonlineshopping.com/css/images/reviewUser.png"
            },
            {
              "CompressionType": "",
              "DataType": "image/png",
              "DownloadTime": 250,
              "EventId": 608,
              "HttpStatus": 200,
              "Size": 1075,
              "URL": "https://www.advantageonlineshopping.com/css/images/review_right.png"
            },
            {
              "CompressionType": "gzip",
              "DataType": "text/html",
              "DownloadTime": 203,
              "EventId": 606,
              "HttpStatus": 200,
              "Size": 2360,
              "URL": "https://www.advantageonlineshopping.com/app/views/product-page.html"
            },
            {
              "CompressionType": "gzip",
              "DataType": "application/json",
              "DownloadTime": 500,
              "EventId": 604,
              "HttpStatus": 200,
              "Size": 2378,
              "URL": "https://www.advantageonlineshopping.com/catalog/api/v1/categories/5/products"
            },
            {
              "CompressionType": "gzip",
              "DataType": "application/json",
              "DownloadTime": 859,
              "EventId": 602,
              "HttpStatus": 200,
              "Size": 8550,
              "URL": "https://www.advantageonlineshopping.com/catalog/api/v1/categories/all_data"
            },
            {
              "CompressionType": "gzip",
              "DataType": "application/json",
              "DownloadTime": 344,
              "EventId": 600,
              "HttpStatus": 200,
              "Size": 392,
              "URL": "https://www.advantageonlineshopping.com/catalog/api/v1/products/29"
            },
            {
              "CompressionType": "",
              "DataType": "image/jpeg",
              "DownloadTime": 234,
              "EventId": 596,
              "HttpStatus": 200,
              "Size": 30508,
              "URL": "https://www.advantageonlineshopping.com/catalog/fetchImage?image_id=5900"
            },
            {
              "CompressionType": "",
              "DataType": "image/jpeg",
              "DownloadTime": 421,
              "EventId": 591,
              "HttpStatus": 200,
              "Size": 11076,
              "URL": "https://www.advantageonlineshopping.com/catalog/fetchImage?image_id=5800"
            },
            {
              "CompressionType": "",
              "DataType": "image/jpeg",
              "DownloadTime": 421,
              "EventId": 589,
              "HttpStatus": 200,
              "Size": 17395,
              "URL": "https://www.advantageonlineshopping.com/catalog/fetchImage?image_id=5505"
            },
            {
              "CompressionType": "",
              "DataType": "image/jpeg",
              "DownloadTime": 438,
              "EventId": 587,
              "HttpStatus": 200,
              "Size": 12400,
              "URL": "https://www.advantageonlineshopping.com/catalog/fetchImage?image_id=5200"
            },
            {
              "CompressionType": "",
              "DataType": "image/jpeg",
              "DownloadTime": 422,
              "EventId": 585,
              "HttpStatus": 200,
              "Size": 16721,
              "URL": "https://www.advantageonlineshopping.com/catalog/fetchImage?image_id=5100"
            },
            {
              "CompressionType": "",
              "DataType": "image/jpeg",
              "DownloadTime": 390,
              "EventId": 582,
              "HttpStatus": 200,
              "Size": 18425,
              "URL": "https://www.advantageonlineshopping.com/catalog/fetchImage?image_id=5600"
            },
            {
              "CompressionType": "",
              "DataType": "image/jpeg",
              "DownloadTime": 375,
              "EventId": 580,
              "HttpStatus": 200,
              "Size": 24986,
              "URL": "https://www.advantageonlineshopping.com/catalog/fetchImage?image_id=5700"
            },
            {
              "CompressionType": "",
              "DataType": "image/jpeg",
              "DownloadTime": 328,
              "EventId": 572,
              "HttpStatus": 200,
              "Size": 11323,
              "URL": "https://www.advantageonlineshopping.com/catalog/fetchImage?image_id=5400"
            },
            {
              "CompressionType": "",
              "DataType": "image/jpeg",
              "DownloadTime": 297,
              "EventId": 569,
              "HttpStatus": 200,
              "Size": 27962,
              "URL": "https://www.advantageonlineshopping.com/catalog/fetchImage?image_id=5300"
            },
            {
              "CompressionType": "",
              "DataType": "image/png",
              "DownloadTime": 437,
              "EventId": 535,
              "HttpStatus": 200,
              "Size": 1415,
              "URL": "https://www.advantageonlineshopping.com/css/images/Filter.png"
            },
            {
              "CompressionType": "",
              "DataType": "image/png",
              "DownloadTime": 453,
              "EventId": 533,
              "HttpStatus": 200,
              "Size": 351910,
              "URL": "https://www.advantageonlineshopping.com/css/images/category_banner_5.png"
            },
            {
              "CompressionType": "gzip",
              "DataType": "text/html",
              "DownloadTime": 219,
              "EventId": 530,
              "HttpStatus": 200,
              "Size": 741,
              "URL": "https://www.advantageonlineshopping.com/app/views/category-page.html"
            },
            {
              "CompressionType": "gzip",
              "DataType": "application/json",
              "DownloadTime": 359,
              "EventId": 528,
              "HttpStatus": 200,
              "Size": 552,
              "URL": "https://www.advantageonlineshopping.com/catalog/api/v1/categories/attributes"
            },
            {
              "CompressionType": "gzip",
              "DataType": "application/json",
              "DownloadTime": 516,
              "EventId": 525,
              "HttpStatus": 200,
              "Size": 2391,
              "URL": "https://www.advantageonlineshopping.com/catalog/api/v1/categories/5/products"
            },
            {
              "CompressionType": "gzip",
              "DataType": "application/json",
              "DownloadTime": 516,
              "EventId": 475,
              "HttpStatus": 200,
              "Size": 100,
              "URL": "https://www.advantageonlineshopping.com/order/api/v1/carts/318719319"
            },
            {
              "CompressionType": "",
              "DataType": "image/jpeg",
              "DownloadTime": 500,
              "EventId": 472,
              "HttpStatus": 200,
              "Size": 26778,
              "URL": "https://www.advantageonlineshopping.com/catalog/fetchImage?image_id=1249"
            },
            {
              "CompressionType": "gzip",
              "DataType": "application/json",
              "DownloadTime": 360,
              "EventId": 470,
              "HttpStatus": 200,
              "Size": 250,
              "URL": "https://www.advantageonlineshopping.com/order/api/v1/carts/318719319"
            },
            {
              "CompressionType": "",
              "DataType": "text/xml",
              "DownloadTime": 516,
              "EventId": 468,
              "HttpStatus": 200,
              "Size": 787,
              "URL": "https://www.advantageonlineshopping.com/accountservice/ws/AccountLoginRequest"
            },
            {
              "CompressionType": "",
              "DataType": "image/png",
              "DownloadTime": 219,
              "EventId": 466,
              "HttpStatus": 200,
              "Size": 1029,
              "URL": "https://www.advantageonlineshopping.com/css/images/FacebookLogo.png"
            },
            {
              "CompressionType": "",
              "DataType": "image/jpeg",
              "DownloadTime": 187,
              "EventId": 421,
              "HttpStatus": 200,
              "Size": 42737,
              "URL": "https://www.advantageonlineshopping.com/css/images/Popular-item1.jpg"
            },
            {
              "CompressionType": "",
              "DataType": "image/jpeg",
              "DownloadTime": 313,
              "EventId": 414,
              "HttpStatus": 200,
              "Size": 25978,
              "URL": "https://www.advantageonlineshopping.com/css/images/Popular-item3.jpg"
            },
            {
              "CompressionType": "",
              "DataType": "image/jpeg",
              "DownloadTime": 297,
              "EventId": 412,
              "HttpStatus": 200,
              "Size": 28087,
              "URL": "https://www.advantageonlineshopping.com/css/images/Popular-item2.jpg"
            },
            {
              "CompressionType": "",
              "DataType": "image/jpeg",
              "DownloadTime": 172,
              "EventId": 409,
              "HttpStatus": 200,
              "Size": 68456,
              "URL": "https://www.advantageonlineshopping.com/css/images/Banner3.jpg"
            },
            {
              "CompressionType": "",
              "DataType": "image/jpeg",
              "DownloadTime": 172,
              "EventId": 407,
              "HttpStatus": 200,
              "Size": 85091,
              "URL": "https://www.advantageonlineshopping.com/css/images/Banner2.jpg"
            },
            {
              "CompressionType": "",
              "DataType": "image/jpeg",
              "DownloadTime": 156,
              "EventId": 405,
              "HttpStatus": 200,
              "Size": 496378,
              "URL": "https://www.advantageonlineshopping.com/css/images/Banner1.jpg"
            },
            {
              "CompressionType": "",
              "DataType": "image/png",
              "DownloadTime": 156,
              "EventId": 403,
              "HttpStatus": 200,
              "Size": 1707,
              "URL": "https://www.advantageonlineshopping.com/css/images/linkedin.png"
            },
            {
              "CompressionType": "",
              "DataType": "image/png",
              "DownloadTime": 266,
              "EventId": 397,
              "HttpStatus": 200,
              "Size": 2064,
              "URL": "https://www.advantageonlineshopping.com/css/images/twitter.png"
            },
            {
              "CompressionType": "",
              "DataType": "image/png",
              "DownloadTime": 329,
              "EventId": 395,
              "HttpStatus": 200,
              "Size": 3003,
              "URL": "https://www.advantageonlineshopping.com/css/images/chat_logo.png"
            },
            {
              "CompressionType": "",
              "DataType": "image/jpeg",
              "DownloadTime": 313,
              "EventId": 393,
              "HttpStatus": 200,
              "Size": 80826,
              "URL": "https://www.advantageonlineshopping.com/css/images/Special-offer.jpg"
            },
            {
              "CompressionType": "",
              "DataType": "image/png",
              "DownloadTime": 297,
              "EventId": 390,
              "HttpStatus": 200,
              "Size": 2114,
              "URL": "https://www.advantageonlineshopping.com/css/images/GoUp.png"
            },
            {
              "CompressionType": "",
              "DataType": "image/png",
              "DownloadTime": 281,
              "EventId": 388,
              "HttpStatus": 200,
              "Size": 1583,
              "URL": "https://www.advantageonlineshopping.com/css/images/facebook.png"
            },
            {
              "CompressionType": "",
              "DataType": "font/woff",
              "DownloadTime": 312,
              "EventId": 386,
              "HttpStatus": 200,
              "Size": 24944,
              "URL": "https://www.advantageonlineshopping.com/css/fonts/roboto_thin_macroman/Roboto-Thin-webfont.woff"
            },
            {
              "CompressionType": "",
              "DataType": "image/jpeg",
              "DownloadTime": 438,
              "EventId": 355,
              "HttpStatus": 200,
              "Size": 60070,
              "URL": "https://www.advantageonlineshopping.com/catalog/fetchImage?image_id=headphones"
            },
            {
              "CompressionType": "",
              "DataType": "image/png",
              "DownloadTime": 422,
              "EventId": 353,
              "HttpStatus": 200,
              "Size": 91647,
              "URL": "https://www.advantageonlineshopping.com/catalog/fetchImage?image_id=mice"
            },
            {
              "CompressionType": "",
              "DataType": "image/png",
              "DownloadTime": 437,
              "EventId": 351,
              "HttpStatus": 200,
              "Size": 228775,
              "URL": "https://www.advantageonlineshopping.com/catalog/fetchImage?image_id=speakers"
            },
            {
              "CompressionType": "",
              "DataType": "font/woff",
              "DownloadTime": 297,
              "EventId": 349,
              "HttpStatus": 200,
              "Size": 24808,
              "URL": "https://www.advantageonlineshopping.com/css/fonts/roboto_bold_macroman/Roboto-Bold-webfont.woff"
            },
            {
              "CompressionType": "",
              "DataType": "image/jpeg",
              "DownloadTime": 343,
              "EventId": 347,
              "HttpStatus": 200,
              "Size": 63833,
              "URL": "https://www.advantageonlineshopping.com/catalog/fetchImage?image_id=tablets"
            },
            {
              "CompressionType": "",
              "DataType": "image/jpeg",
              "DownloadTime": 313,
              "EventId": 344,
              "HttpStatus": 200,
              "Size": 47798,
              "URL": "https://www.advantageonlineshopping.com/catalog/fetchImage?image_id=laptops"
            },
            {
              "CompressionType": "",
              "DataType": "image/png",
              "DownloadTime": 156,
              "EventId": 342,
              "HttpStatus": 200,
              "Size": 996,
              "URL": "https://www.advantageonlineshopping.com/css/images/arrow_right.png"
            },
            {
              "CompressionType": "gzip",
              "DataType": "text/html",
              "DownloadTime": 157,
              "EventId": 340,
              "HttpStatus": 200,
              "Size": 2243,
              "URL": "https://www.advantageonlineshopping.com/app/views/home-page.html"
            },
            {
              "CompressionType": "gzip",
              "DataType": "application/json",
              "DownloadTime": 157,
              "EventId": 338,
              "HttpStatus": 200,
              "Size": 500,
              "URL": "https://www.advantageonlineshopping.com/app/tempFiles/popularProducts.json"
            },
            {
              "CompressionType": "gzip",
              "DataType": "application/json",
              "DownloadTime": 266,
              "EventId": 336,
              "HttpStatus": 200,
              "Size": 351,
              "URL": "https://www.advantageonlineshopping.com/catalog/api/v1/deals/search?dealOfTheDay=true"
            },
            {
              "CompressionType": "gzip",
              "DataType": "application/json",
              "DownloadTime": 281,
              "EventId": 296,
              "HttpStatus": 200,
              "Size": 4521,
              "URL": "https://www.advantageonlineshopping.com/catalog/api/v1/categories"
            },
            {
              "CompressionType": "",
              "DataType": "text/xml",
              "DownloadTime": 235,
              "EventId": 268,
              "HttpStatus": 200,
              "Size": 823,
              "URL": "https://www.advantageonlineshopping.com/accountservice/ws/GetAccountConfigurationRequest"
            },
            {
              "CompressionType": "",
              "DataType": "image/x-icon",
              "DownloadTime": 172,
              "EventId": 263,
              "HttpStatus": 200,
              "Size": 1150,
              "URL": "https://www.advantageonlineshopping.com/css/images/favicon.ico"
            },
            {
              "CompressionType": "",
              "DataType": "font/woff",
              "DownloadTime": 500,
              "EventId": 233,
              "HttpStatus": 200,
              "Size": 25048,
              "URL": "https://www.advantageonlineshopping.com/css/fonts/roboto_medium_macroman/Roboto-Medium-webfont.woff"
            },
            {
              "CompressionType": "",
              "DataType": "font/woff",
              "DownloadTime": 469,
              "EventId": 231,
              "HttpStatus": 200,
              "Size": 24576,
              "URL": "https://www.advantageonlineshopping.com/css/fonts/roboto_light_macroman/Roboto-Light-webfont.woff"
            },
            {
              "CompressionType": "",
              "DataType": "font/woff",
              "DownloadTime": 469,
              "EventId": 227,
              "HttpStatus": 200,
              "Size": 25020,
              "URL": "https://www.advantageonlineshopping.com/css/fonts/roboto_regular_macroman/Roboto-Regular-webfont.woff"
            },
            {
              "CompressionType": "",
              "DataType": "image/png",
              "DownloadTime": 172,
              "EventId": 219,
              "HttpStatus": 200,
              "Size": 1098,
              "URL": "https://www.advantageonlineshopping.com/css/images/closeDark.png"
            },
            {
              "CompressionType": "gzip",
              "DataType": "application/json",
              "DownloadTime": 172,
              "EventId": 217,
              "HttpStatus": 200,
              "Size": 6541,
              "URL": "https://www.advantageonlineshopping.com/catalog/api/v1/DemoAppConfig/parameters/by_tool/ALL"
            },
            {
              "CompressionType": "",
              "DataType": "image/png",
              "DownloadTime": 172,
              "EventId": 215,
              "HttpStatus": 200,
              "Size": 2645,
              "URL": "https://www.advantageonlineshopping.com/css/images/logo.png"
            },
            {
              "CompressionType": "",
              "DataType": "",
              "DownloadTime": 156,
              "EventId": 212,
              "HttpStatus": 200,
              "Size": 1010,
              "URL": "https://www.advantageonlineshopping.com/services.properties"
            },
            {
              "CompressionType": "gzip",
              "DataType": "application/javascript",
              "DownloadTime": 344,
              "EventId": 186,
              "HttpStatus": 200,
              "Size": 268667,
              "URL": "https://www.advantageonlineshopping.com/main.min.js"
            },
            {
              "CompressionType": "",
              "DataType": "image/svg+xml",
              "DownloadTime": 172,
              "EventId": 129,
              "HttpStatus": 200,
              "Size": 795,
              "URL": "https://www.advantageonlineshopping.com/css/images/Down_arrow.svg"
            },
            {
              "CompressionType": "gzip",
              "DataType": "application/javascript",
              "DownloadTime": 297,
              "EventId": 88,
              "HttpStatus": 200,
              "Size": 20995,
              "URL": "https://www.advantageonlineshopping.com/vendor/requirejs/require.js"
            },
            {
              "CompressionType": "gzip",
              "DataType": "text/css",
              "DownloadTime": 594,
              "EventId": 69,
              "HttpStatus": 200,
              "Size": 30101,
              "URL": "https://www.advantageonlineshopping.com/css/main.min.css"
            },
            {
              "CompressionType": "gzip",
              "DataType": "text/html",
              "DownloadTime": 156,
              "EventId": 55,
              "HttpStatus": 200,
              "Size": 2909,
              "URL": "https://www.advantageonlineshopping.com/"
            }
          ],
          "SSLCipher": "TLS_AES_256_GCM_SHA384",
          "SSLVersion": "TLS1.3"
        }
      ],
      "IncludeInScript": true
    }
  ],
  "WebSocket": {
    "IncludeInScript": false,
    "IsScriptIncludeWebSocket": false
  },
  "NumberOfCorrelations": 0
}